Presence,Long,Lat,alt,mdr,wc2.1_10m_prec_01,wc2.1_10m_prec_02,wc2.1_10m_prec_03,wc2.1_10m_prec_04,wc2.1_10m_prec_05,wc2.1_10m_prec_06,wc2.1_10m_prec_07,wc2.1_10m_prec_08,wc2.1_10m_prec_09,wc2.1_10m_prec_10,wc2.1_10m_prec_11,wc2.1_10m_prec_12,wc2.1_10m_tavg_01,wc2.1_10m_tavg_02,wc2.1_10m_tavg_03,wc2.1_10m_tavg_04,wc2.1_10m_tavg_05,wc2.1_10m_tavg_06,wc2.1_10m_tavg_07,wc2.1_10m_tavg_08,wc2.1_10m_tavg_09,wc2.1_10m_tavg_10,wc2.1_10m_tavg_11,wc2.1_10m_tavg_12
"0",-92.2458,15.5875,"1515","138",11.00000,10.00000,13.00000,38.00000,120.00000,295.00000,207.00000,234.00000,295.00000,176.00000,46.00000,18.00000,16.29600,17.04075,18.51950,19.67400,19.96025,19.45200,19.04900,18.98200,18.75825,18.11300,17.26025,16.42975
"0",-96.1125,16.09583,"1393","118",4.00000,11.00000,14.00000,27.00000,107.00000,242.00000,174.00000,206.00000,237.00000,103.00000,18.00000,8.00000,20.86700,21.06850,21.76775,22.49500,22.76775,22.25550,22.19900,22.11475,21.77450,21.56075,21.31625,20.79250
"0",-97.7458,16.1375,"21","148",4.00000,5.00000,2.00000,4.00000,59.00000,233.00000,184.00000,269.00000,310.00000,128.00000,13.00000,3.00000,24.96658,24.41080,26.06181,27.25327,28.19975,27.85603,27.70502,27.56005,27.01432,27.01960,26.39146,25.30226
"0",-96.3375,16.2125,"2846","119",8.00000,11.00000,12.00000,28.00000,92.00000,185.00000,154.00000,165.00000,174.00000,92.00000,23.00000,11.00000,15.83825,16.76275,17.93450,18.89850,19.17025,18.16500,17.57575,17.46175,17.22450,16.83025,16.15725,15.80850
"0",-94.2208,16.32083,"33","120",1.00000,5.00000,3.00000,16.00000,129.00000,275.00000,220.00000,297.00000,361.00000,96.00000,18.00000,0.00000,26.18224,26.64079,27.96908,29.29671,29.62040,28.51612,28.58816,28.48915,27.83125,27.71809,27.36579,26.51053
"0",-97.9958,16.4125,"503","153",6.00000,2.00000,2.00000,5.00000,76.00000,254.00000,254.00000,305.00000,343.00000,149.00000,21.00000,5.00000,23.64625,23.70225,25.31400,26.70950,27.54175,26.86825,26.50050,26.30625,25.95400,25.79650,24.88500,23.93775
"0",-97.6042,16.47917,"646","159",6.00000,7.00000,5.00000,18.00000,105.00000,291.00000,256.00000,294.00000,317.00000,131.00000,22.00000,5.00000,22.32775,22.55175,24.04725,25.30100,25.76375,24.93575,24.64800,24.45925,24.20475,24.00600,23.30475,22.49700
"0",-97.6292,16.62083,"722","160",6.00000,7.00000,7.00000,22.00000,117.00000,313.00000,272.00000,300.00000,328.00000,137.00000,25.00000,6.00000,21.78400,22.22050,23.78150,25.08975,25.39200,24.50775,24.16175,23.97100,23.78450,23.53750,22.74375,21.91325
"0",-94.3792,16.6375,"284","114",4.00000,8.00000,8.00000,18.00000,98.00000,229.00000,186.00000,204.00000,283.00000,87.00000,25.00000,7.00000,24.72400,25.13625,26.71150,28.13425,28.73100,27.58850,27.47400,27.33650,26.80825,26.37525,25.84700,25.03525
"0",-95.7125,16.75417,"703","127",10.00000,15.00000,13.00000,23.00000,66.00000,173.00000,206.00000,179.00000,171.00000,81.00000,28.00000,15.00000,21.80700,22.43475,23.81300,24.88800,25.67225,24.68925,24.04350,23.97400,23.82425,23.23800,22.58400,21.95050
"0",-98.5625,17.10417,"1223","152",11.00000,7.00000,6.00000,15.00000,70.00000,255.00000,276.00000,273.00000,290.00000,139.00000,25.00000,9.00000,19.66275,20.41950,21.74175,23.13275,23.59225,23.15775,22.70050,22.62150,22.24050,21.93375,20.97250,19.93275
"0",-97.3625,17.19583,"2376","169",5.00000,7.00000,12.00000,30.00000,80.00000,170.00000,142.00000,141.00000,140.00000,49.00000,17.00000,6.00000,14.24350,15.30325,16.65600,17.74900,18.29400,17.53225,16.74675,16.86725,16.86800,16.32525,15.31275,14.52050
"0",-96.3792,17.19583,"2929","126",16.00000,15.00000,17.00000,38.00000,74.00000,196.00000,180.00000,175.00000,209.00000,113.00000,53.00000,32.00000,11.73100,12.97600,14.67850,15.80375,16.20750,15.03725,13.87275,13.90900,13.90125,13.21500,12.19300,11.84400
"0",-92.3292,17.20417,"925","120",117.00000,97.00000,78.00000,86.00000,153.00000,309.00000,246.00000,299.00000,393.00000,312.00000,179.00000,146.00000,18.82175,19.81075,21.58650,23.26575,24.45575,23.82600,23.10675,23.19975,23.02575,21.92475,20.61250,19.44850
"0",-96.8792,17.2125,"1756","160",4.00000,7.00000,10.00000,29.00000,70.00000,155.00000,118.00000,121.00000,131.00000,51.00000,16.00000,8.00000,16.88300,18.00675,19.83200,21.13850,21.56775,20.64425,19.80550,19.81225,19.68975,18.94375,17.88525,17.08325
"0",-95.6458,17.2375,"418","118",55.00000,40.00000,33.00000,35.00000,100.00000,352.00000,505.00000,487.00000,383.00000,212.00000,103.00000,65.00000,21.37350,21.99775,24.03325,25.95550,27.06725,26.40875,25.43475,25.33075,25.34775,24.28500,22.97225,21.82075
"0",-91.7625,17.29583,"472","114",110.00000,84.00000,72.00000,80.00000,147.00000,320.00000,256.00000,305.00000,394.00000,309.00000,177.00000,128.00000,21.18800,22.33475,24.05900,25.67950,27.05175,26.42800,25.61425,25.70100,25.52450,24.48850,23.12800,21.84550
"0",-91.7792,17.32083,"465","114",110.00000,84.00000,72.00000,80.00000,147.00000,320.00000,256.00000,305.00000,394.00000,309.00000,177.00000,128.00000,21.18800,22.33475,24.05900,25.67950,27.05175,26.42800,25.61425,25.70100,25.52450,24.48850,23.12800,21.84550
"0",-96.0625,17.37917,"1550","118",71.00000,60.00000,54.00000,61.00000,116.00000,391.00000,456.00000,441.00000,457.00000,288.00000,160.00000,114.00000,16.09675,16.99100,19.24850,20.85575,21.56600,20.54200,19.46800,19.54275,19.54875,18.51100,17.28625,16.52975
"0",-91.7042,17.49583,"52","110",128.00000,94.00000,75.00000,81.00000,146.00000,311.00000,247.00000,294.00000,400.00000,333.00000,195.00000,147.00000,22.33150,23.67375,25.49400,27.21850,28.68200,27.98975,27.13725,27.16075,26.85825,25.77450,24.37725,23.03825
"0",-99.2125,17.54583,"1578","148",13.00000,5.00000,4.00000,16.00000,71.00000,201.00000,238.00000,231.00000,233.00000,100.00000,25.00000,8.00000,20.06675,20.92475,22.44925,23.80375,24.10300,23.13725,22.49500,22.26325,21.92100,21.77575,21.11900,20.20675
"0",-96.9458,17.5875,"1514","149",11.00000,11.00000,13.00000,26.00000,64.00000,168.00000,169.00000,150.00000,164.00000,69.00000,29.00000,13.00000,18.33725,19.59150,22.14725,23.99800,24.59150,23.22975,21.97000,22.15000,21.84775,20.86800,19.60875,18.55075
"0",-98.6875,17.72917,"1463","155",8.00000,8.00000,5.00000,19.00000,77.00000,210.00000,220.00000,209.00000,201.00000,76.00000,12.00000,4.00000,20.42250,21.39300,23.08950,24.50625,24.72300,23.37825,22.67300,22.55500,22.30500,22.02625,21.31275,20.53400
"0",-98.8708,17.82083,"1170","156",8.00000,5.00000,4.00000,16.00000,67.00000,191.00000,203.00000,193.00000,192.00000,74.00000,10.00000,4.00000,21.70125,22.62400,24.32125,25.71975,26.04075,24.63250,23.81550,23.67950,23.36600,23.26225,22.64400,21.89250
"0",-98.7542,17.82917,"1613","157",8.00000,8.00000,5.00000,19.00000,77.00000,210.00000,220.00000,209.00000,201.00000,76.00000,12.00000,4.00000,20.42250,21.39300,23.08950,24.50625,24.72300,23.37825,22.67300,22.55500,22.30500,22.02625,21.31275,20.53400
"0",-96.4542,17.90417,"574","105",87.00000,74.00000,69.00000,82.00000,149.00000,498.00000,624.00000,566.00000,551.00000,327.00000,175.00000,123.00000,20.24475,20.94325,23.61225,25.88325,27.01550,26.32425,25.19475,25.29625,25.15100,23.95225,22.14150,20.90250
"0",-97.9125,17.9125,"1650","174",7.00000,6.00000,8.00000,16.00000,64.00000,142.00000,106.00000,99.00000,124.00000,49.00000,12.00000,6.00000,18.70825,19.90475,22.05875,23.77200,24.00875,22.50275,21.53700,21.64375,21.21200,20.69575,19.73750,18.77225
"0",-96.8542,17.92083,"2204","132",25.00000,19.00000,20.00000,31.00000,71.00000,226.00000,256.00000,230.00000,241.00000,115.00000,53.00000,30.00000,18.50100,19.86700,22.69575,24.83675,25.54300,24.28450,22.66800,22.91175,22.63125,21.50800,19.98025,18.77850
"0",-88.9875,17.97917,"81","100",76.00000,38.00000,36.00000,42.00000,98.00000,194.00000,191.00000,177.00000,217.00000,182.00000,107.00000,84.00000,22.63300,23.45000,24.80325,26.17625,27.17025,27.06325,26.78375,26.85350,26.82450,25.89425,24.21900,23.07575
"0",-95.5458,18.02917,"51","103",35.00000,27.00000,19.00000,25.00000,64.00000,226.00000,278.00000,255.00000,268.00000,168.00000,90.00000,54.00000,22.44000,23.05425,25.59600,27.98325,29.53425,28.73175,27.64975,27.64300,27.40425,26.18950,24.65250,23.03225
"0",-99.8875,18.12083,"1330","138",7.00000,3.00000,2.00000,7.00000,46.00000,187.00000,216.00000,207.00000,177.00000,75.00000,14.00000,3.00000,22.57025,23.62125,25.58025,27.38675,27.76175,25.98000,24.68525,24.40125,24.07100,24.00025,23.37225,22.56925
"0",-95.6125,18.1625,"13","101",35.00000,27.00000,19.00000,25.00000,64.00000,226.00000,278.00000,255.00000,268.00000,168.00000,90.00000,54.00000,22.44000,23.05425,25.59600,27.98325,29.53425,28.73175,27.64975,27.64300,27.40425,26.18950,24.65250,23.03225
"0",-93.5625,18.2625,"9","100",172.00000,86.00000,44.00000,48.00000,71.00000,211.00000,149.00000,210.00000,321.00000,354.00000,200.00000,140.00000,22.77818,23.34182,25.68520,27.66130,29.00701,28.53532,28.21169,28.24753,27.71273,26.40753,25.07221,23.32467
"0",-90.3708,18.3125,"79","120",35.00000,34.00000,26.00000,24.00000,104.00000,169.00000,141.00000,187.00000,236.00000,158.00000,72.00000,49.00000,23.01825,23.79125,25.87025,28.01000,29.13250,28.50075,27.75525,27.65525,27.39200,26.34475,24.68175,23.37175
"0",-96.5958,18.35417,"69","112",49.00000,44.00000,44.00000,57.00000,130.00000,453.00000,524.00000,487.00000,474.00000,204.00000,89.00000,63.00000,21.36700,21.98875,24.58525,26.98900,28.21500,27.54375,26.40925,26.56850,26.38300,25.39325,23.59450,22.11275
"0",-94.8208,18.35417,"960","90",107.00000,65.00000,52.00000,30.00000,64.00000,279.00000,310.00000,308.00000,398.00000,355.00000,210.00000,200.00000,21.26532,21.83018,24.07342,26.10496,27.60270,27.13919,26.42793,26.46081,26.14504,24.85496,23.90495,21.90450
"0",-97.1458,18.4625,"2246","147",30.00000,20.00000,15.00000,33.00000,63.00000,225.00000,254.00000,244.00000,229.00000,135.00000,53.00000,44.00000,11.22075,12.47400,14.51250,16.14275,16.84275,15.42825,14.22950,14.35975,14.32600,13.44100,12.24750,11.50925
"0",-88.8708,18.70417,"126","109",36.00000,18.00000,13.00000,32.00000,96.00000,139.00000,107.00000,127.00000,152.00000,117.00000,66.00000,51.00000,22.21425,23.16400,24.64225,25.83125,26.27350,26.17250,26.58700,26.52950,26.38450,25.20775,23.84875,22.54975
"0",-90.9958,18.74583,"15","124",38.00000,31.00000,21.00000,23.00000,75.00000,205.00000,222.00000,253.00000,256.00000,193.00000,79.00000,40.00000,23.10175,23.98900,25.89825,28.08100,29.19650,28.48675,27.75875,27.68775,27.46625,26.45925,24.80100,23.51775
"0",-99.1125,18.79583,"1014","162",9.00000,3.00000,4.00000,10.00000,59.00000,194.00000,175.00000,181.00000,176.00000,65.00000,13.00000,4.00000,20.42950,21.88825,24.16150,25.96625,26.54925,25.10725,23.87300,23.77350,23.37650,22.84500,21.73725,20.69300
"0",-102.129,18.80417,"259","149",20.00000,3.00000,2.00000,3.00000,17.00000,142.00000,196.00000,182.00000,180.00000,86.00000,17.00000,7.00000,23.49075,24.11400,25.17700,26.58575,27.72875,27.23100,26.14800,25.87050,25.64800,25.72775,25.17300,24.30600
"1",-103.826,18.84068,"17","131",20.00000,2.00000,1.00000,0.00000,15.00000,125.00000,173.00000,195.00000,218.00000,78.00000,28.00000,11.00000,24.39600,24.38300,24.39550,25.14625,26.56325,27.89175,27.87250,27.77300,27.37400,27.39325,26.50575,25.35525
"0",-99.3958,18.90417,"2101","144",13.00000,7.00000,8.00000,22.00000,77.00000,228.00000,226.00000,227.00000,223.00000,79.00000,16.00000,5.00000,16.03975,17.10000,19.01925,20.54875,20.94700,19.66975,18.67500,18.67500,18.44700,17.93500,17.05200,16.24000
"1",-103.788,18.92501,"92","132",20.00000,2.00000,1.00000,0.00000,15.00000,125.00000,173.00000,195.00000,218.00000,78.00000,28.00000,11.00000,24.39600,24.38300,24.39550,25.14625,26.56325,27.89175,27.87250,27.77300,27.37400,27.39325,26.50575,25.35525
"1",-103.866,18.96356,"56","131",27.00000,2.00000,1.00000,0.00000,15.00000,115.00000,163.00000,181.00000,195.00000,79.00000,35.00000,11.00000,24.92101,24.86516,24.73989,25.40000,26.83963,28.42872,28.71675,28.65186,28.30186,28.42021,27.30053,26.02686
"0",-88.3458,19.00417,"16","101",54.00000,38.00000,31.00000,40.00000,98.00000,146.00000,138.00000,148.00000,183.00000,149.00000,83.00000,61.00000,23.23725,23.92900,25.16750,26.37725,27.24125,27.28175,27.27525,27.28775,27.08050,26.05925,24.76875,23.57000
"1",-103.929,19.06424,"131","130",24.00000,3.00000,1.00000,0.00000,14.00000,117.00000,189.00000,201.00000,224.00000,85.00000,30.00000,10.00000,23.98275,24.02875,24.13750,24.92500,26.33700,27.67000,27.50425,27.41250,27.02725,27.09100,26.13025,24.90775
"1",-104.15,19.10552,"372","132",23.00000,5.00000,1.00000,0.00000,12.00000,132.00000,223.00000,240.00000,263.00000,102.00000,33.00000,13.00000,23.10000,23.17525,23.26300,24.08400,25.51875,26.83825,26.59675,26.55675,26.18600,26.17650,25.16850,23.98825
"0",-98.9958,19.14583,"2969","155",15.00000,10.00000,14.00000,34.00000,81.00000,181.00000,189.00000,190.00000,169.00000,66.00000,11.00000,7.00000,12.11650,13.15900,15.13275,16.60250,16.83825,16.01200,15.08325,14.94400,14.73325,14.14250,13.12000,12.13200
"0",-96.9958,19.22917,"1500","107",46.00000,35.00000,39.00000,50.00000,100.00000,254.00000,233.00000,208.00000,276.00000,130.00000,65.00000,45.00000,16.50950,17.36800,19.69400,21.72175,22.91050,22.38450,21.42950,21.58075,21.44025,20.27050,18.67800,17.29600
"0",-90.5625,19.2375,"23","128",31.00000,21.00000,19.00000,21.00000,59.00000,190.00000,195.00000,247.00000,251.00000,150.00000,59.00000,33.00000,22.83900,23.60800,25.73125,27.97575,29.13975,28.37925,27.60550,27.52575,27.26375,26.15275,24.61375,23.34975
"0",-101.221,19.2625,"1714","159",20.00000,8.00000,5.00000,9.00000,41.00000,195.00000,255.00000,228.00000,209.00000,89.00000,20.00000,8.00000,17.00075,17.96400,19.79125,21.52150,22.67550,21.64325,20.20025,20.01150,19.86250,19.31125,18.36725,17.40275
"0",-101.471,19.2625,"1962","151",22.00000,7.00000,5.00000,8.00000,41.00000,196.00000,246.00000,218.00000,205.00000,96.00000,23.00000,9.00000,15.98350,16.97750,18.75175,20.49825,21.65775,20.90200,19.65125,19.48450,19.30075,18.62750,17.49400,16.44500
"1",-104.739,19.27102,"278","124",32.00000,4.00000,2.00000,1.00000,9.00000,131.00000,212.00000,233.00000,296.00000,118.00000,47.00000,18.00000,23.36332,23.24454,23.25240,23.89869,25.61572,27.55415,27.56725,27.51048,27.09432,27.10087,25.81441,24.43319
"1",-104.08,19.2958,"957","136",31.00000,7.00000,3.00000,1.00000,15.00000,160.00000,253.00000,265.00000,271.00000,109.00000,32.00000,16.00000,20.22775,20.59425,21.18025,22.43150,23.90775,24.84225,24.20625,24.17975,23.95450,23.63550,22.35425,20.99275
"1",-104.723,19.33649,"265","132",30.00000,6.00000,4.00000,2.00000,10.00000,155.00000,263.00000,292.00000,342.00000,139.00000,44.00000,21.00000,22.71875,22.83950,23.20550,24.12900,25.90475,27.41000,26.92600,26.74425,26.37075,26.28675,24.99725,23.62950
"1",-103.779,19.34527,"614","144",31.00000,7.00000,2.00000,2.00000,19.00000,140.00000,203.00000,202.00000,189.00000,81.00000,23.00000,13.00000,19.65375,20.28675,21.23775,22.73725,24.26750,24.94450,24.02350,24.01125,23.80750,23.34050,21.98575,20.37475
"0",-100.521,19.37083,"986","156",24.00000,13.00000,8.00000,10.00000,46.00000,176.00000,215.00000,201.00000,175.00000,83.00000,18.00000,8.00000,15.92000,16.88050,18.77000,20.65475,21.65200,20.61125,19.28950,19.19875,19.01025,18.48875,17.42450,16.39200
"1",-104.284,19.37755,"490","139",30.00000,9.00000,5.00000,2.00000,14.00000,178.00000,272.00000,297.00000,310.00000,131.00000,34.00000,18.00000,20.34250,20.84600,21.63050,23.02750,24.56250,25.49675,24.70675,24.68300,24.44400,24.06875,22.57400,21.10800
"1",-104.792,19.38773,"200","128",30.00000,6.00000,4.00000,2.00000,10.00000,155.00000,263.00000,292.00000,342.00000,139.00000,44.00000,21.00000,22.71875,22.83950,23.20550,24.12900,25.90475,27.41000,26.92600,26.74425,26.37075,26.28675,24.99725,23.62950
"1",-103.874,19.41432,"2012","136",34.00000,9.00000,4.00000,4.00000,24.00000,164.00000,232.00000,213.00000,204.00000,92.00000,31.00000,16.00000,16.19475,16.77300,17.81100,19.33700,20.84700,21.50825,20.74675,20.74025,20.54975,19.92725,18.42675,16.95650
"1",-104.501,19.44924,"526","138",28.00000,7.00000,7.00000,2.00000,12.00000,185.00000,316.00000,355.00000,393.00000,168.00000,43.00000,24.00000,21.66700,22.07425,22.70275,23.86300,25.52625,26.61300,25.88550,25.73925,25.47425,25.28000,23.91175,22.52425
"1",-103.79,19.47066,"992","146",31.00000,7.00000,2.00000,2.00000,19.00000,140.00000,203.00000,202.00000,189.00000,81.00000,23.00000,13.00000,19.65375,20.28675,21.23775,22.73725,24.26750,24.94450,24.02350,24.01125,23.80750,23.34050,21.98575,20.37475
"1",-104.276,19.4962,"963","141",30.00000,9.00000,5.00000,2.00000,14.00000,178.00000,272.00000,297.00000,310.00000,131.00000,34.00000,18.00000,20.34250,20.84600,21.63050,23.02750,24.56250,25.49675,24.70675,24.68300,24.44400,24.06875,22.57400,21.10800
"0",-99.6042,19.5125,"2802","151",19.00000,13.00000,16.00000,30.00000,76.00000,180.00000,216.00000,197.00000,165.00000,76.00000,21.00000,12.00000,8.95300,9.88425,11.71250,13.08950,13.86325,13.75150,12.95900,13.01050,12.92450,11.94500,10.54075,9.42325
"1",-104.402,19.52476,"860","141",28.00000,8.00000,6.00000,3.00000,16.00000,198.00000,310.00000,324.00000,339.00000,141.00000,34.00000,18.00000,19.95225,20.47600,21.38725,22.83500,24.39975,25.30025,24.55525,24.58150,24.38675,23.98100,22.35450,20.80475
"0",-89.5292,19.5375,"139","129",31.00000,25.00000,25.00000,41.00000,92.00000,149.00000,134.00000,158.00000,204.00000,129.00000,54.00000,34.00000,22.48200,23.39375,25.53650,27.33850,28.43800,27.72850,27.21150,27.10425,26.69675,25.52625,24.00975,22.70650
"1",-104.356,19.53976,"1185","141",28.00000,8.00000,6.00000,3.00000,16.00000,198.00000,310.00000,324.00000,339.00000,141.00000,34.00000,18.00000,19.95225,20.47600,21.38725,22.83500,24.39975,25.30025,24.55525,24.58150,24.38675,23.98100,22.35450,20.80475
"1",-104.133,19.54189,"2511","128",36.00000,12.00000,6.00000,5.00000,25.00000,171.00000,240.00000,211.00000,201.00000,88.00000,31.00000,17.00000,15.22175,15.96475,17.14250,18.86350,20.46725,21.04125,20.21425,20.22150,20.03625,19.29200,17.55200,16.04775
"0",-87.4958,19.55417,"0","100",69.00000,49.00000,34.00000,45.00000,102.00000,164.00000,117.00000,129.00000,205.00000,209.00000,118.00000,72.00000,24.13153,24.49369,25.59189,26.76216,27.86937,28.13153,28.12342,28.18739,27.82162,26.89820,25.68108,24.58559
"1",-103.882,19.57345,"869","150",29.00000,10.00000,4.00000,3.00000,20.00000,129.00000,174.00000,152.00000,140.00000,65.00000,21.00000,12.00000,19.72675,20.51125,21.65150,23.34125,24.96025,25.36600,24.38175,24.34450,24.25400,23.85525,22.28750,20.55250
"1",-104.892,19.58069,"265","134",30.00000,6.00000,4.00000,2.00000,9.00000,137.00000,248.00000,274.00000,311.00000,122.00000,42.00000,22.00000,22.29425,22.31000,22.68475,23.64400,25.46350,27.10350,26.80125,26.68350,26.30775,26.08675,24.61325,23.28100
"0",-88.7542,19.59583,"78","126",42.00000,32.00000,31.00000,40.00000,88.00000,143.00000,147.00000,143.00000,181.00000,132.00000,65.00000,48.00000,22.57900,23.32825,25.06825,26.60150,27.70600,27.50975,27.19700,27.20725,26.81075,25.72050,24.24375,23.01950
"1",-104.425,19.63536,"448","145",28.00000,8.00000,6.00000,3.00000,16.00000,198.00000,310.00000,324.00000,339.00000,141.00000,34.00000,18.00000,19.95225,20.47600,21.38725,22.83500,24.39975,25.30025,24.55525,24.58150,24.38675,23.98100,22.35450,20.80475
"1",-104.674,19.63928,"863","143",27.00000,6.00000,6.00000,3.00000,13.00000,171.00000,306.00000,328.00000,355.00000,143.00000,40.00000,22.00000,21.61725,21.96500,22.60325,23.76175,25.50000,26.77825,26.11200,25.98400,25.69100,25.43400,23.94175,22.53550
"1",-104.845,19.64076,"598","139",30.00000,6.00000,4.00000,2.00000,9.00000,137.00000,248.00000,274.00000,311.00000,122.00000,42.00000,22.00000,22.29425,22.31000,22.68475,23.64400,25.46350,27.10350,26.80125,26.68350,26.30775,26.08675,24.61325,23.28100
"1",-104.175,19.66836,"1409","147",25.00000,11.00000,5.00000,3.00000,20.00000,162.00000,223.00000,212.00000,189.00000,67.00000,22.00000,10.00000,18.63675,19.58900,20.95675,22.76025,24.51400,25.19225,24.06700,24.04625,23.92700,23.25800,21.22375,19.45625
"1",-104.069,19.68139,"1308","149",23.00000,10.00000,4.00000,3.00000,21.00000,144.00000,190.00000,175.00000,148.00000,53.00000,18.00000,10.00000,19.11775,20.16775,21.53800,23.38325,25.05950,25.50875,24.23525,24.22275,24.08925,23.48500,21.63125,19.88150
"1",-104.597,19.687,"401","148",23.00000,9.00000,7.00000,4.00000,19.00000,207.00000,335.00000,335.00000,349.00000,148.00000,31.00000,21.00000,19.88325,20.37900,21.34275,22.83825,24.51000,25.44350,24.70675,24.69700,24.53000,24.02450,22.30150,20.78675
"1",-103.91,19.70099,"933","151",23.00000,10.00000,4.00000,3.00000,22.00000,132.00000,169.00000,148.00000,125.00000,52.00000,17.00000,11.00000,19.65775,20.62100,21.92325,23.76400,25.43475,25.73150,24.48725,24.42175,24.31025,23.81050,22.17900,20.43000
"0",-88.5042,19.7125,"43","125",45.00000,32.00000,36.00000,44.00000,99.00000,155.00000,150.00000,162.00000,199.00000,142.00000,73.00000,45.00000,22.92675,23.62050,25.25025,26.75900,27.92675,27.83025,27.48725,27.49300,27.09000,26.00350,24.51550,23.37775
"1",-104.987,19.72095,"291","140",25.00000,7.00000,7.00000,3.00000,10.00000,134.00000,285.00000,299.00000,296.00000,116.00000,38.00000,22.00000,20.53925,20.77400,21.40775,22.62400,24.39925,25.82700,25.39975,25.36675,25.13575,24.70725,22.96400,21.52175
"1",-103.915,19.76255,"1136","149",23.00000,10.00000,4.00000,3.00000,22.00000,132.00000,169.00000,148.00000,125.00000,52.00000,17.00000,11.00000,19.65775,20.62100,21.92325,23.76400,25.43475,25.73150,24.48725,24.42175,24.31025,23.81050,22.17900,20.43000
"0",-99.6042,19.7875,"2776","152",18.00000,13.00000,14.00000,28.00000,73.00000,169.00000,206.00000,181.00000,153.00000,67.00000,19.00000,12.00000,9.32225,10.28425,12.28000,13.71750,14.47750,14.29675,13.63550,13.63225,13.44100,12.28925,10.85200,9.80125
"0",-104.004,19.7875,"940","153",23.00000,10.00000,4.00000,3.00000,21.00000,144.00000,190.00000,175.00000,148.00000,53.00000,18.00000,10.00000,19.11775,20.16775,21.53800,23.38325,25.05950,25.50875,24.23525,24.22275,24.08925,23.48500,21.63125,19.88150
"1",-104.818,19.84958,"456","148",22.00000,11.00000,4.00000,3.00000,12.00000,206.00000,358.00000,325.00000,334.00000,138.00000,31.00000,19.00000,20.38900,20.85325,21.72850,23.20900,24.96025,26.14175,25.64925,25.63100,25.45775,24.91900,23.00875,21.38150
"1",-104.06,19.86151,"1029","150",22.00000,10.00000,5.00000,4.00000,25.00000,154.00000,199.00000,172.00000,146.00000,54.00000,20.00000,12.00000,17.91000,18.85150,20.32700,22.21950,24.03100,24.31675,22.87450,22.91500,22.81375,22.13500,20.34725,18.79200
"1",-104.68,19.86692,"559","150",22.00000,11.00000,4.00000,3.00000,12.00000,206.00000,358.00000,325.00000,334.00000,138.00000,31.00000,19.00000,20.38900,20.85325,21.72850,23.20900,24.96025,26.14175,25.64925,25.63100,25.45775,24.91900,23.00875,21.38150
"1",-104.268,19.88157,"1544","146",27.00000,10.00000,6.00000,4.00000,24.00000,164.00000,220.00000,196.00000,168.00000,63.00000,26.00000,15.00000,16.36875,17.21300,18.74150,20.69775,22.66500,23.07975,21.79675,21.73150,21.64400,20.87250,18.85725,17.30775
"0",-102.413,19.89583,"1947","159",19.00000,6.00000,4.00000,9.00000,40.00000,164.00000,203.00000,189.00000,145.00000,63.00000,17.00000,10.00000,14.82975,16.25450,18.57050,20.69025,22.25750,21.67475,19.88250,19.68875,19.43325,18.50075,16.86925,15.39075
"1",-104.184,19.90626,"1558","146",27.00000,10.00000,6.00000,4.00000,24.00000,164.00000,220.00000,196.00000,168.00000,63.00000,26.00000,15.00000,16.36875,17.21300,18.74150,20.69775,22.66500,23.07975,21.79675,21.73150,21.64400,20.87250,18.85725,17.30775
"1",-105.254,19.92049,"124","135",31.00000,5.00000,2.00000,2.00000,4.00000,78.00000,145.00000,188.00000,216.00000,79.00000,43.00000,23.00000,22.63100,22.42050,22.52275,23.37925,25.34950,27.50700,27.82100,27.74925,27.33975,27.09675,25.37975,23.82475
"0",-104.129,19.92083,"1071","146",22.00000,10.00000,5.00000,4.00000,25.00000,154.00000,199.00000,172.00000,146.00000,54.00000,20.00000,12.00000,17.91000,18.85150,20.32700,22.21950,24.03100,24.31675,22.87450,22.91500,22.81375,22.13500,20.34725,18.79200
"1",-104.838,19.92893,"301","145",23.00000,8.00000,5.00000,4.00000,8.00000,172.00000,320.00000,322.00000,337.00000,136.00000,33.00000,22.00000,21.21775,21.59175,22.32200,23.57600,25.43600,26.94275,26.54825,26.49425,26.27300,25.81750,23.89025,22.26200
"1",-105.253,19.96962,"139","135",31.00000,5.00000,2.00000,2.00000,4.00000,78.00000,145.00000,188.00000,216.00000,79.00000,43.00000,23.00000,22.63100,22.42050,22.52275,23.37925,25.34950,27.50700,27.82100,27.74925,27.33975,27.09675,25.37975,23.82475
"0",-88.8708,20.00417,"42","133",39.00000,28.00000,37.00000,49.00000,102.00000,163.00000,155.00000,173.00000,207.00000,131.00000,66.00000,45.00000,22.62675,23.52400,25.39725,27.03525,28.25825,27.89200,27.37275,27.32675,26.98100,25.80250,24.27500,23.03050
"1",-105.346,20.01169,"38","132",27.00000,8.00000,3.00000,1.00000,3.00000,80.00000,159.00000,214.00000,245.00000,87.00000,36.00000,23.00000,22.16300,21.92800,22.07625,22.97700,24.93500,27.09600,27.43850,27.40925,26.99850,26.61075,24.79025,23.30500
"1",-104.306,20.09012,"1385","150",27.00000,9.00000,6.00000,5.00000,28.00000,166.00000,209.00000,172.00000,152.00000,61.00000,27.00000,15.00000,15.78900,16.77125,18.45075,20.53450,22.50900,22.80025,21.39525,21.25400,21.13175,20.29275,18.22225,16.68925
"0",-103.871,20.10417,"1717","149",23.00000,10.00000,7.00000,7.00000,30.00000,173.00000,225.00000,181.00000,167.00000,71.00000,22.00000,16.00000,15.17125,16.17375,17.81775,19.86500,21.69900,21.79200,20.41850,20.38325,20.23625,19.35250,17.47650,16.01700
"1",-105.161,20.12268,"334","142",25.00000,8.00000,5.00000,3.00000,6.00000,138.00000,261.00000,282.00000,295.00000,111.00000,32.00000,23.00000,21.19850,21.27400,21.75775,22.86800,24.70350,26.55150,26.57350,26.55500,26.25000,25.80150,23.87625,22.30225
"1",-104.654,20.1818,"2184","141",32.00000,13.00000,6.00000,4.00000,25.00000,197.00000,284.00000,263.00000,241.00000,105.00000,32.00000,19.00000,12.79175,13.62000,15.05375,16.99125,18.86525,19.43625,18.52500,18.47425,18.36575,17.33675,15.17275,13.73950
"0",-98.4125,20.19583,"2137","142",12.00000,14.00000,18.00000,34.00000,58.00000,118.00000,128.00000,122.00000,168.00000,76.00000,24.00000,10.00000,13.02375,14.03625,16.52000,18.06925,18.92225,17.96500,16.90400,16.90600,16.55375,15.32250,14.31275,13.48075
"0",-99.2792,20.2125,"1987","163",10.00000,8.00000,12.00000,25.00000,53.00000,78.00000,78.00000,65.00000,74.00000,39.00000,11.00000,7.00000,13.07800,14.21800,16.69025,18.37350,19.28875,18.72125,17.91100,17.91275,17.47700,16.07125,14.64600,13.58150
"0",-89.0375,20.24583,"29","136",39.00000,28.00000,37.00000,50.00000,96.00000,164.00000,155.00000,177.00000,207.00000,127.00000,61.00000,45.00000,22.56475,23.52200,25.49300,27.11050,28.37200,27.88450,27.27225,27.23650,26.92525,25.70025,24.19200,22.96125
"1",-104.295,20.27434,"1459","151",26.00000,10.00000,6.00000,6.00000,31.00000,183.00000,223.00000,181.00000,160.00000,66.00000,25.00000,16.00000,15.03500,16.08600,17.72775,19.86850,21.81450,22.07075,20.72400,20.50575,20.35950,19.40675,17.32475,15.84750
"1",-104.389,20.28122,"1980","141",31.00000,13.00000,6.00000,5.00000,29.00000,197.00000,264.00000,234.00000,212.00000,96.00000,32.00000,18.00000,13.09725,13.97250,15.46600,17.44600,19.29575,19.60050,18.53625,18.46900,18.35275,17.34975,15.33475,13.99700
"1",-104.784,20.32319,"1670","147",31.00000,14.00000,6.00000,5.00000,20.00000,198.00000,318.00000,297.00000,282.00000,117.00000,32.00000,21.00000,13.82950,14.34750,15.48200,17.17300,18.90150,19.79300,19.25550,19.22450,19.14700,18.24650,16.17125,14.79050
"1",-104.627,20.38872,"1926","141",32.00000,13.00000,6.00000,6.00000,29.00000,209.00000,294.00000,271.00000,244.00000,108.00000,31.00000,18.00000,12.68725,13.47000,14.90000,16.81750,18.64075,19.16650,18.23925,18.16825,18.09825,17.09875,15.01250,13.62650
"1",-104.667,20.40058,"1669","150",30.00000,14.00000,5.00000,6.00000,23.00000,204.00000,305.00000,288.00000,260.00000,107.00000,31.00000,20.00000,13.92075,14.63850,16.02200,17.91950,19.77700,20.59300,19.69000,19.58650,19.53000,18.57475,16.32750,14.83075
"1",-104.452,20.43919,"1455","157",27.00000,12.00000,6.00000,7.00000,32.00000,204.00000,254.00000,217.00000,190.00000,85.00000,27.00000,16.00000,13.55550,14.57350,16.16250,18.22750,20.03300,20.40600,19.30650,19.25125,19.15050,18.11325,15.97275,14.47350
"1",-104.816,20.44566,"1723","150",30.00000,14.00000,5.00000,6.00000,23.00000,204.00000,305.00000,288.00000,260.00000,107.00000,31.00000,20.00000,13.92075,14.63850,16.02200,17.91950,19.77700,20.59300,19.69000,19.58650,19.53000,18.57475,16.32750,14.83075
"0",-87.6292,20.44583,"27","114",60.00000,48.00000,42.00000,43.00000,101.00000,150.00000,108.00000,140.00000,188.00000,177.00000,78.00000,56.00000,22.60875,23.11350,24.43300,25.77600,27.00050,27.27075,27.25575,27.29675,26.88150,25.80125,24.44050,23.30200
"1",-104.83,20.52745,"1350","155",33.00000,14.00000,5.00000,6.00000,25.00000,219.00000,328.00000,310.00000,279.00000,116.00000,32.00000,20.00000,12.82225,13.42325,14.73150,16.52050,18.30850,19.10625,18.31175,18.29425,18.24550,17.26325,15.15300,13.71400
"1",-104.43,20.58734,"1845","160",26.00000,11.00000,5.00000,8.00000,33.00000,207.00000,255.00000,215.00000,177.00000,74.00000,23.00000,16.00000,14.68750,15.76225,17.30475,19.41200,21.21650,21.72850,20.56150,20.43250,20.29500,19.30350,17.15825,15.57375
"0",-88.0208,20.5875,"26","125",39.00000,43.00000,38.00000,43.00000,99.00000,150.00000,142.00000,170.00000,184.00000,134.00000,58.00000,39.00000,22.88450,23.57550,25.04425,26.37050,27.78000,27.82175,27.55350,27.44825,26.98600,25.89825,24.50050,23.44575
"0",-98.1208,20.62083,"632","127",56.00000,59.00000,57.00000,77.00000,138.00000,336.00000,376.00000,335.00000,408.00000,205.00000,92.00000,59.00000,16.82750,17.82775,20.06800,22.49475,24.14825,24.06500,22.88775,23.08425,22.72775,21.38225,19.52450,17.69550
"0",-101.321,20.62917,"1752","160",12.00000,5.00000,5.00000,10.00000,30.00000,116.00000,161.00000,149.00000,107.00000,37.00000,9.00000,8.00000,14.87650,15.87875,18.37375,20.85750,22.92725,22.50725,20.91775,20.61900,20.14850,18.76575,17.08500,15.55950
"1",-104.505,20.66652,"1040","152",34.00000,13.00000,6.00000,7.00000,31.00000,215.00000,304.00000,283.00000,250.00000,111.00000,32.00000,20.00000,12.34425,13.11500,14.53150,16.41150,18.20700,18.84675,17.97050,17.88825,17.78975,16.79200,14.67475,13.27975
"0",-89.7542,20.6875,"13","114",33.00000,23.00000,25.00000,25.00000,82.00000,147.00000,172.00000,169.00000,183.00000,117.00000,42.00000,38.00000,22.87150,23.75225,25.76275,27.46625,28.70850,28.01925,27.33900,27.24825,27.04275,25.89275,24.50100,23.20400
"0",-101.979,20.6875,"1881","159",14.00000,6.00000,4.00000,7.00000,32.00000,117.00000,190.00000,161.00000,115.00000,41.00000,9.00000,7.00000,14.28625,15.88850,18.55475,21.07825,23.13650,22.83700,21.06700,20.72150,20.15675,18.62725,16.43250,14.76700
"1",-104.402,20.69917,"1383","165",24.00000,12.00000,4.00000,6.00000,24.00000,194.00000,268.00000,226.00000,172.00000,66.00000,20.00000,15.00000,17.05500,18.04850,19.52975,21.60200,23.37925,24.04225,22.68850,22.57900,22.46075,21.62400,19.57700,17.95900
"1",-105.019,20.75811,"891","139",26.00000,14.00000,3.00000,2.00000,7.00000,177.00000,307.00000,311.00000,305.00000,94.00000,21.00000,20.00000,20.45800,20.79525,21.67950,22.95450,24.82525,26.54900,26.42375,26.50200,26.33775,25.68075,23.46900,21.57275
"1",-104.525,20.77859,"1381","163",28.00000,15.00000,4.00000,6.00000,24.00000,204.00000,294.00000,259.00000,213.00000,83.00000,24.00000,18.00000,15.32150,16.17475,17.58575,19.51450,21.26100,21.99400,20.92850,20.87425,20.76050,19.88050,17.77400,16.25650
"1",-104.886,20.78886,"1088","151",27.00000,15.00000,5.00000,4.00000,16.00000,211.00000,336.00000,313.00000,280.00000,100.00000,24.00000,21.00000,16.14225,16.58450,17.62525,19.15200,20.84525,22.08375,21.72600,21.79675,21.69875,20.76050,18.65325,17.14725
"1",-104.703,20.80274,"1615","149",33.00000,14.00000,5.00000,6.00000,25.00000,217.00000,324.00000,305.00000,264.00000,104.00000,29.00000,20.00000,13.87975,14.49450,15.74850,17.48725,19.24475,20.13025,19.34075,19.33825,19.26075,18.29625,16.19200,14.82125
"0",-99.6208,20.85417,"2995","148",15.00000,10.00000,10.00000,24.00000,45.00000,96.00000,98.00000,91.00000,114.00000,58.00000,18.00000,9.00000,12.89200,14.42125,17.08025,18.92650,19.97525,19.33875,18.29900,18.17925,17.70350,16.25350,14.79350,13.58700
"0",-97.9875,20.89583,"204","113",43.00000,46.00000,42.00000,61.00000,93.00000,187.00000,214.00000,182.00000,278.00000,144.00000,70.00000,44.00000,18.61275,19.85600,22.31725,25.01150,26.99625,27.21875,26.18575,26.32325,25.53675,23.92600,21.55125,19.31625
"1",-104.564,20.92331,"572","158",24.00000,22.00000,2.00000,3.00000,13.00000,176.00000,271.00000,233.00000,175.00000,62.00000,15.00000,14.00000,19.21750,20.08950,21.57375,23.45425,25.24600,26.17900,24.84075,24.77325,24.73725,24.06225,21.90725,20.11775
"0",-99.6208,20.97917,"1341","162",15.00000,10.00000,10.00000,24.00000,45.00000,96.00000,98.00000,91.00000,114.00000,58.00000,18.00000,9.00000,12.89200,14.42125,17.08025,18.92650,19.97525,19.33875,18.29900,18.17925,17.70350,16.25350,14.79350,13.58700
"1",-104.673,21.0616,"713","153",28.00000,29.00000,2.00000,2.00000,10.00000,163.00000,272.00000,243.00000,189.00000,62.00000,15.00000,15.00000,18.69200,19.42900,20.78750,22.46100,24.27575,25.58475,24.55325,24.53475,24.47875,23.61650,21.40975,19.66925
"0",-87.6542,21.0875,"15","117",52.00000,42.00000,44.00000,45.00000,95.00000,152.00000,147.00000,157.00000,192.00000,165.00000,74.00000,52.00000,22.21150,22.77300,24.20375,25.63075,27.01550,27.09075,27.09875,27.16000,26.84875,25.66700,24.14800,22.96150
"0",-98.0958,21.09583,"146","113",45.00000,46.00000,40.00000,65.00000,91.00000,192.00000,204.00000,178.00000,277.00000,147.00000,77.00000,50.00000,18.27050,19.63050,22.46775,25.39175,27.46050,27.59900,26.52725,26.73800,25.78250,23.97250,21.40025,19.05125
"1",-104.936,21.10683,"937","142",31.00000,22.00000,3.00000,2.00000,10.00000,172.00000,306.00000,286.00000,236.00000,73.00000,18.00000,19.00000,17.86625,18.36650,19.45200,20.88875,22.67625,24.25450,23.77475,23.83175,23.76950,22.77675,20.50925,18.91300
"1",-104.657,21.12403,"760","157",25.00000,18.00000,2.00000,3.00000,13.00000,177.00000,285.00000,239.00000,183.00000,61.00000,17.00000,15.00000,17.66625,18.57950,20.05450,21.96700,23.79900,24.77750,23.54650,23.48450,23.46925,22.51725,20.28850,18.55300
"0",-87.7708,21.12917,"12","120",43.00000,40.00000,40.00000,46.00000,83.00000,147.00000,157.00000,151.00000,173.00000,140.00000,66.00000,49.00000,22.52025,23.15625,24.58300,26.00075,27.35175,27.35475,27.27200,27.29525,26.90050,25.78450,24.27650,23.12175
"1",-104.956,21.19918,"788","139",34.00000,18.00000,2.00000,2.00000,8.00000,162.00000,320.00000,300.00000,247.00000,71.00000,18.00000,20.00000,17.90400,18.39750,19.43675,20.83500,22.68325,24.52025,24.17925,24.23400,24.19300,23.11225,20.66900,18.93400
"1",-105.108,21.22911,"179","123",32.00000,14.00000,3.00000,2.00000,9.00000,160.00000,354.00000,392.00000,378.00000,107.00000,23.00000,21.00000,21.18625,21.47000,22.31650,23.58325,25.56825,27.55475,27.43325,27.48925,27.42125,26.88325,24.65600,22.53775
"1",-105.105,21.25321,"47","121",32.00000,14.00000,3.00000,2.00000,9.00000,160.00000,354.00000,392.00000,378.00000,107.00000,23.00000,21.00000,21.18625,21.47000,22.31650,23.58325,25.56825,27.55475,27.43325,27.48925,27.42125,26.88325,24.65600,22.53775
"1",-104.497,21.27692,"1332","157",25.00000,12.00000,2.00000,3.00000,14.00000,175.00000,285.00000,244.00000,177.00000,60.00000,18.00000,17.00000,17.51800,18.50625,20.04825,22.13125,23.94750,24.82750,23.49750,23.39275,23.33675,22.25625,20.00125,18.22825
"1",-105.08,21.28878,"203","129",32.00000,14.00000,3.00000,2.00000,9.00000,160.00000,354.00000,392.00000,378.00000,107.00000,23.00000,21.00000,21.18625,21.47000,22.31650,23.58325,25.56825,27.55475,27.43325,27.48925,27.42125,26.88325,24.65600,22.53775
"1",-104.811,21.29388,"1445","146",31.00000,13.00000,3.00000,3.00000,14.00000,190.00000,331.00000,297.00000,243.00000,78.00000,22.00000,21.00000,15.64625,16.35350,17.64975,19.47150,21.25550,22.49475,21.72175,21.69700,21.61400,20.44125,18.13375,16.52050
"1",-105.05,21.45472,"740","134",34.00000,15.00000,3.00000,1.00000,9.00000,154.00000,352.00000,367.00000,329.00000,93.00000,22.00000,25.00000,19.73475,19.89550,20.62350,21.89775,23.73200,25.77775,25.83125,25.89775,25.87550,25.02900,22.68800,20.79825
"0",-101.904,21.52083,"2037","161",16.00000,12.00000,6.00000,9.00000,25.00000,94.00000,130.00000,121.00000,94.00000,39.00000,10.00000,9.00000,12.33700,13.65175,16.08700,18.34900,20.29150,20.24150,18.77125,18.55175,18.11350,16.59250,14.57050,13.10675
"1",-104.589,21.59649,"244","142",33.00000,14.00000,2.00000,1.00000,8.00000,149.00000,284.00000,260.00000,193.00000,58.00000,18.00000,23.00000,21.47325,22.43425,23.90125,25.87150,27.78850,28.99700,27.47950,27.29300,27.29675,26.56625,24.16150,22.17200
"1",-104.865,21.71291,"232","129",33.00000,13.00000,3.00000,1.00000,8.00000,146.00000,343.00000,337.00000,279.00000,78.00000,20.00000,27.00000,22.44400,22.98675,24.10225,25.71775,27.71175,29.33800,28.43125,28.19750,28.24150,27.66125,25.26700,23.15475
"1",-105.188,21.82312,"16","120",30.00000,11.00000,2.00000,1.00000,7.00000,121.00000,333.00000,403.00000,330.00000,112.00000,29.00000,25.00000,22.13525,22.60425,23.51000,24.87000,26.95650,28.88575,28.83600,28.63025,28.82325,28.70350,26.28150,23.50150
"0",-97.7375,21.85417,"12","85",40.00000,24.00000,13.00000,23.00000,69.00000,196.00000,187.00000,177.00000,289.00000,148.00000,54.00000,56.00000,17.96597,19.12813,22.01979,24.61771,27.10799,27.70590,27.37639,27.35486,26.52083,24.60486,21.58472,18.84653
"1",-105.136,21.86123,"56","124",30.00000,11.00000,2.00000,1.00000,7.00000,144.00000,380.00000,436.00000,354.00000,87.00000,24.00000,22.00000,22.55825,23.06400,24.14775,25.71075,27.82350,29.56225,28.82750,28.51575,28.66825,28.12125,25.65875,23.40575
"1",-105.434,21.95452,"4","114",31.00000,11.00000,2.00000,1.00000,4.00000,91.00000,304.00000,349.00000,299.00000,97.00000,33.00000,21.00000,22.08850,22.32225,23.07850,24.40600,26.28150,28.40800,28.53050,28.36150,28.39750,28.01825,25.51475,23.13625
"0",-103.471,22.02083,"1902","170",21.00000,11.00000,2.00000,4.00000,17.00000,110.00000,189.00000,169.00000,109.00000,36.00000,12.00000,13.00000,13.90275,15.28150,17.40100,19.99450,22.54575,23.20100,21.41425,21.21450,20.86900,19.31550,16.54850,14.63550
"0",-103.321,22.09583,"1711","180",21.00000,10.00000,2.00000,4.00000,16.00000,103.00000,184.00000,158.00000,103.00000,38.00000,12.00000,14.00000,13.35675,14.68650,16.81075,19.33650,21.84500,22.52950,20.71425,20.48825,20.05950,18.58300,15.99650,14.13325
"1",-104.887,22.18132,"584","134",34.00000,11.00000,5.00000,2.00000,10.00000,142.00000,307.00000,307.00000,252.00000,65.00000,26.00000,37.00000,19.24425,19.99250,21.40950,23.30625,25.34225,26.46950,25.38350,25.29500,25.31225,24.35300,22.00200,19.90000
"1",-105.087,22.18216,"316","125",33.00000,11.00000,5.00000,2.00000,8.00000,142.00000,345.00000,348.00000,290.00000,75.00000,28.00000,35.00000,20.65725,21.21625,22.44525,24.16100,26.23025,27.69525,26.68150,26.52450,26.62200,25.83875,23.47200,21.33475
"0",-97.8792,22.1875,"1","85",27.00000,18.00000,12.00000,18.00000,48.00000,161.00000,146.00000,147.00000,217.00000,106.00000,30.00000,41.00000,18.33825,19.43875,22.33425,24.74375,27.21300,28.08350,27.89800,27.94825,27.25675,25.35650,22.30875,19.30425
"1",-105.261,22.23181,"123","120",31.00000,8.00000,2.00000,1.00000,4.00000,119.00000,355.00000,389.00000,307.00000,83.00000,31.00000,22.00000,21.88325,22.35200,23.40300,24.96225,27.09700,28.98775,28.15550,27.90950,27.95000,27.40875,24.99725,22.73825
"0",-102.154,22.35417,"2019","177",18.00000,7.00000,3.00000,8.00000,22.00000,56.00000,92.00000,75.00000,59.00000,29.00000,11.00000,11.00000,12.45500,13.77325,16.20150,18.49125,20.40125,20.33100,19.10900,18.84350,18.18575,16.83825,14.73325,13.04200
"0",-104.679,22.3625,"1324","137",41.00000,15.00000,6.00000,4.00000,12.00000,128.00000,247.00000,242.00000,181.00000,60.00000,25.00000,44.00000,12.87375,13.76175,15.43125,17.56825,19.71025,20.70200,19.60650,19.54200,19.43525,18.00175,15.60475,13.68800
"0",-104.846,22.39583,"2172","131",37.00000,14.00000,7.00000,3.00000,11.00000,134.00000,277.00000,281.00000,230.00000,62.00000,26.00000,44.00000,16.46175,17.20950,18.65875,20.65800,22.72725,23.73475,22.63200,22.57875,22.55475,21.41900,19.15425,17.17500
"1",-105.508,22.441,"7","113",30.00000,8.00000,2.00000,1.00000,1.00000,77.00000,292.00000,319.00000,258.00000,99.00000,34.00000,21.00000,21.33980,21.81811,22.62653,24.20281,26.47857,28.70918,28.41327,28.28571,28.22168,27.99439,25.56403,22.84592
"1",-105.532,22.44214,"6","113",30.00000,8.00000,2.00000,1.00000,1.00000,77.00000,292.00000,319.00000,258.00000,99.00000,34.00000,21.00000,21.33980,21.81811,22.62653,24.20281,26.47857,28.70918,28.41327,28.28571,28.22168,27.99439,25.56403,22.84592
"1",-105.024,22.46856,"648","128",31.00000,11.00000,6.00000,2.00000,8.00000,138.00000,322.00000,330.00000,281.00000,66.00000,28.00000,37.00000,20.11450,20.89650,22.23400,24.13675,26.24450,27.58425,26.39075,26.25250,26.29250,25.40650,22.99500,20.76450
"1",-105.342,22.50101,"32","119",29.00000,8.00000,3.00000,1.00000,4.00000,103.00000,333.00000,346.00000,292.00000,83.00000,37.00000,23.00000,21.44100,22.01075,22.98525,24.71100,27.08350,29.12450,28.14450,27.84150,27.76325,27.25975,24.91825,22.48825
"1",-105.225,22.60369,"669","124",30.00000,10.00000,5.00000,2.00000,7.00000,124.00000,332.00000,342.00000,298.00000,74.00000,34.00000,32.00000,20.63600,21.20800,22.26725,24.08000,26.31900,28.10025,27.04575,26.85000,26.83000,26.09175,23.69400,21.47650
"0",-101.271,22.60417,"2248","169",18.00000,7.00000,7.00000,16.00000,40.00000,67.00000,63.00000,58.00000,63.00000,31.00000,9.00000,11.00000,11.80025,13.32800,15.86150,18.29000,19.98325,19.89150,18.86675,18.80625,18.05150,16.21300,14.16975,12.48275
"1",-105.486,22.60805,"116","116",29.00000,8.00000,3.00000,1.00000,4.00000,103.00000,333.00000,346.00000,292.00000,83.00000,37.00000,23.00000,21.44100,22.01075,22.98525,24.71100,27.08350,29.12450,28.14450,27.84150,27.76325,27.25975,24.91825,22.48825
"0",-102.479,22.6625,"2261","171",19.00000,8.00000,4.00000,7.00000,23.00000,71.00000,96.00000,87.00000,78.00000,35.00000,12.00000,12.00000,11.75150,13.16675,15.40925,17.80925,19.72600,19.73350,18.32200,18.08500,17.26750,16.04775,14.11875,12.44175
"1",-105.381,22.70567,"265","119",31.00000,11.00000,6.00000,1.00000,5.00000,117.00000,336.00000,325.00000,298.00000,83.00000,36.00000,32.00000,21.02725,21.47225,22.48200,24.28675,26.56275,28.37950,27.41000,27.16500,27.05475,26.30600,24.01425,21.83000
"1",-105.607,22.72356,"12","112",31.00000,10.00000,4.00000,1.00000,3.00000,95.00000,315.00000,309.00000,274.00000,84.00000,35.00000,28.00000,20.89925,21.34925,22.23475,23.93825,26.21275,28.34050,27.72275,27.44200,27.30575,26.62675,24.23775,21.90575
"0",-100.813,22.77083,"1708","166",15.00000,7.00000,8.00000,19.00000,47.00000,70.00000,67.00000,58.00000,68.00000,30.00000,10.00000,12.00000,12.88300,14.27050,17.08900,19.55175,21.23375,21.04350,20.18825,20.17150,19.37100,17.72500,15.55325,13.67425
"1",-105.169,22.7774,"2008","124",34.00000,13.00000,8.00000,3.00000,9.00000,124.00000,304.00000,311.00000,281.00000,70.00000,33.00000,46.00000,19.34275,19.77175,20.91050,22.79200,24.97675,26.40725,25.36900,25.22575,25.21200,24.30750,22.12225,20.13475
"1",-105.699,22.9021,"387","110",31.00000,10.00000,5.00000,1.00000,3.00000,78.00000,288.00000,278.00000,247.00000,80.00000,35.00000,29.00000,20.86275,21.23050,22.13650,23.88100,26.21900,28.34025,27.80450,27.45950,27.27375,26.58100,24.12050,21.84025
"1",-106.054,22.9078,"1","101",24.00000,7.00000,2.00000,1.00000,1.00000,41.00000,226.00000,234.00000,209.00000,72.00000,31.00000,21.00000,20.70039,21.05391,21.77813,23.36172,25.69024,28.43047,28.65781,28.45547,28.29453,27.54219,24.70273,22.01680
"1",-105.3,22.91549,"582","123",29.00000,13.00000,10.00000,3.00000,10.00000,120.00000,279.00000,301.00000,279.00000,55.00000,30.00000,50.00000,19.86225,20.37275,21.56100,23.50350,25.64975,26.90150,25.77600,25.59525,25.56300,24.73775,22.64775,20.64350
"1",-105.695,22.9661,"573","111",31.00000,10.00000,5.00000,1.00000,3.00000,78.00000,288.00000,278.00000,247.00000,80.00000,35.00000,29.00000,20.86275,21.23050,22.13650,23.88100,26.21900,28.34025,27.80450,27.45950,27.27375,26.58100,24.12050,21.84025
"0",-100.488,22.97917,"1373","164",18.00000,10.00000,11.00000,21.00000,54.00000,63.00000,53.00000,51.00000,73.00000,38.00000,11.00000,12.00000,14.40750,15.72050,18.71725,21.12125,22.85450,22.88250,22.03775,21.98000,21.25700,19.48050,17.25350,15.30575
"0",-101.996,22.9875,"2072","183",16.00000,8.00000,6.00000,9.00000,32.00000,55.00000,62.00000,63.00000,63.00000,29.00000,9.00000,12.00000,12.13700,13.46400,15.88025,18.24975,19.97550,20.08425,18.92500,18.81000,18.07925,16.39825,14.30700,12.70575
"1",-105.395,23.04603,"1665","121",57.00000,26.00000,18.00000,5.00000,13.00000,128.00000,287.00000,296.00000,257.00000,78.00000,41.00000,78.00000,15.89650,16.25575,17.54575,19.54800,21.52425,22.58750,21.77425,21.76925,21.79125,20.59525,18.65200,16.83250
"0",-101.513,23.05417,"2056","177",15.00000,8.00000,10.00000,15.00000,40.00000,46.00000,47.00000,54.00000,62.00000,30.00000,9.00000,12.00000,12.08550,13.45125,15.90250,18.33400,19.96675,20.03575,19.11450,19.11825,18.23225,16.35950,14.14600,12.44400
"1",-106.08,23.06789,"38","102",25.00000,7.00000,3.00000,1.00000,2.00000,41.00000,222.00000,231.00000,213.00000,74.00000,30.00000,24.00000,20.90700,21.31950,22.22350,23.90150,26.33800,28.89300,28.78875,28.39550,28.14150,27.29650,24.47975,21.95575
"0",-104.771,23.09583,"993","134",34.00000,15.00000,9.00000,5.00000,13.00000,91.00000,177.00000,199.00000,154.00000,41.00000,25.00000,48.00000,13.66400,14.54825,16.41050,18.73275,21.05175,22.01700,20.60175,20.46100,20.28050,18.86650,16.53550,14.44775
"1",-105.842,23.14486,"83","110",26.00000,8.00000,3.00000,1.00000,2.00000,51.00000,239.00000,243.00000,214.00000,71.00000,32.00000,24.00000,20.90275,21.39600,22.34050,24.09525,26.53925,28.98625,28.60650,28.16375,27.92250,27.12600,24.38075,21.93650
"1",-106.314,23.16593,"2","96",24.00000,6.00000,2.00000,1.00000,1.00000,33.00000,210.00000,223.00000,212.00000,73.00000,29.00000,22.00000,20.48996,20.86707,21.75623,23.37831,25.86225,28.74177,28.95462,28.74377,28.51847,27.57791,24.43293,21.59558
"0",-109.913,23.17083,"1135","133",23.00000,6.00000,3.00000,1.00000,1.00000,5.00000,71.00000,143.00000,183.00000,50.00000,22.00000,23.00000,14.86375,15.28900,16.44100,18.31325,20.22775,22.80500,24.39875,24.28775,23.73850,21.53625,18.19825,15.69225
"1",-106.047,23.19341,"179","107",27.00000,8.00000,3.00000,2.00000,2.00000,43.00000,219.00000,237.00000,216.00000,73.00000,29.00000,28.00000,20.59725,21.02750,22.09375,23.80075,26.21325,28.63325,28.32900,27.91450,27.66975,26.75375,23.97050,21.53600
"1",-105.708,23.36029,"674","119",51.00000,23.00000,16.00000,4.00000,9.00000,111.00000,298.00000,282.00000,241.00000,83.00000,39.00000,65.00000,17.26725,17.72475,19.15175,21.28300,23.29625,24.20750,23.23675,23.20925,23.16850,22.21625,20.11050,18.11875
"1",-106.306,23.37854,"119","107",31.00000,8.00000,4.00000,2.00000,1.00000,35.00000,209.00000,233.00000,209.00000,64.00000,32.00000,32.00000,20.49450,20.86250,21.91550,23.63075,26.06100,28.73150,28.60225,28.20825,27.95775,26.90525,23.89750,21.31300
"0",-100.763,23.42083,"1696","169",19.00000,9.00000,11.00000,23.00000,53.00000,63.00000,64.00000,66.00000,77.00000,41.00000,12.00000,15.00000,13.02250,14.38650,17.26100,19.68550,21.34525,21.58050,20.86400,20.73775,19.81250,17.72000,15.43400,13.56700
"0",-99.2375,23.45417,"897","137",20.00000,11.00000,20.00000,37.00000,71.00000,98.00000,102.00000,100.00000,121.00000,50.00000,17.00000,20.00000,15.06250,16.68050,19.96350,22.58350,24.43475,25.08450,24.50400,24.59675,23.61025,21.13175,18.32450,15.82725
"1",-105.773,23.50704,"854","119",61.00000,28.00000,18.00000,6.00000,15.00000,119.00000,281.00000,256.00000,214.00000,84.00000,42.00000,77.00000,13.40525,13.80325,15.25725,17.49875,19.48600,20.60800,19.78475,19.86625,19.76150,18.39575,16.19625,14.29550
"1",-106.121,23.5088,"490","120",34.00000,11.00000,8.00000,2.00000,3.00000,57.00000,249.00000,256.00000,211.00000,72.00000,34.00000,39.00000,19.98675,20.45925,21.73450,23.69750,25.98300,27.86450,27.17600,26.96350,26.80250,25.84550,23.13150,20.77225
"1",-105.843,23.5146,"1771","117",50.00000,21.00000,15.00000,4.00000,10.00000,102.00000,286.00000,263.00000,223.00000,87.00000,41.00000,64.00000,16.52400,16.78050,18.12175,20.22850,22.26125,23.33075,22.56925,22.55725,22.54125,21.46700,19.31025,17.33500
"1",-105.711,23.61525,"1618","122",61.00000,28.00000,18.00000,6.00000,15.00000,119.00000,281.00000,256.00000,214.00000,84.00000,42.00000,77.00000,13.40525,13.80325,15.25725,17.49875,19.48600,20.60800,19.78475,19.86625,19.76150,18.39575,16.19625,14.29550
"1",-106.284,23.65134,"345","124",35.00000,10.00000,6.00000,2.00000,2.00000,45.00000,230.00000,247.00000,205.00000,68.00000,35.00000,36.00000,20.26825,20.58950,21.70775,23.56025,25.88300,28.20300,27.80200,27.45775,27.27650,26.28475,23.48425,21.02550
"1",-106.581,23.65358,"237","124",28.00000,8.00000,5.00000,2.00000,1.00000,31.00000,181.00000,209.00000,180.00000,73.00000,34.00000,30.00000,20.22372,20.38163,21.17015,22.84566,25.16174,28.16403,28.53903,28.17245,27.88546,26.86633,23.73163,21.13061
"0",-104.796,23.75417,"2211","141",26.00000,15.00000,8.00000,5.00000,17.00000,86.00000,155.00000,159.00000,130.00000,42.00000,21.00000,37.00000,9.07250,10.21950,12.38900,14.71800,17.34250,18.66100,17.53325,17.12000,16.39775,14.31200,11.77225,9.82975
"0",-101.429,23.77917,"2221","184",15.00000,8.00000,5.00000,14.00000,31.00000,48.00000,47.00000,53.00000,56.00000,31.00000,10.00000,13.00000,10.49950,11.88025,14.39125,16.93350,19.11350,19.40050,18.60600,18.45250,17.39775,15.55025,13.03250,11.08200
"0",-103.796,23.85417,"2414","173",17.00000,7.00000,4.00000,6.00000,20.00000,71.00000,98.00000,102.00000,94.00000,40.00000,14.00000,14.00000,10.65600,11.94450,14.19675,16.81650,19.43275,20.26150,19.00125,18.43625,17.50850,15.84375,13.25125,11.29325
"0",-98.8708,23.87083,"152","135",22.00000,16.00000,18.00000,43.00000,104.00000,92.00000,65.00000,77.00000,134.00000,65.00000,17.00000,24.00000,16.54900,18.75275,22.61525,25.87275,28.37200,29.61425,29.47500,29.55250,27.64825,24.37250,20.60500,17.26250
"0",-100.304,23.87917,"1970","168",16.00000,12.00000,12.00000,25.00000,55.00000,45.00000,49.00000,50.00000,52.00000,28.00000,10.00000,13.00000,12.42600,13.79550,16.14025,18.45250,20.12875,20.27825,19.69050,19.52025,18.76650,17.12750,15.05625,13.11100
"1",-106.333,23.90362,"267","136",34.00000,11.00000,12.00000,3.00000,5.00000,66.00000,274.00000,261.00000,191.00000,83.00000,37.00000,43.00000,19.56175,20.01825,21.51350,23.68525,25.92425,27.32425,26.40475,26.12575,26.04200,25.20900,22.67400,20.30700
"1",-106.871,23.99973,"57","141",20.00000,8.00000,5.00000,2.00000,1.00000,29.00000,137.00000,200.00000,162.00000,77.00000,38.00000,22.00000,19.86311,20.08576,21.00421,22.86602,25.44337,28.95534,29.55016,29.21974,29.01780,28.03042,24.25663,21.21618
"1",-106.415,24.08576,"544","135",32.00000,11.00000,11.00000,3.00000,5.00000,68.00000,275.00000,258.00000,182.00000,88.00000,36.00000,43.00000,20.00000,20.45950,21.89225,24.04075,26.33650,27.67400,26.70200,26.29150,26.15900,25.42725,22.93300,20.63975
"0",-105.113,24.09583,"2492","145",32.00000,13.00000,8.00000,6.00000,20.00000,95.00000,179.00000,169.00000,134.00000,44.00000,19.00000,42.00000,7.41475,8.18075,10.29750,12.67000,15.36875,17.38100,16.62600,16.16650,15.47275,13.07275,10.21375,8.08700
"1",-106.398,24.11228,"700","135",32.00000,11.00000,11.00000,3.00000,5.00000,68.00000,275.00000,258.00000,182.00000,88.00000,36.00000,43.00000,20.00000,20.45950,21.89225,24.04075,26.33650,27.67400,26.70200,26.29150,26.15900,25.42725,22.93300,20.63975
"1",-106.343,24.1488,"559","135",32.00000,11.00000,11.00000,3.00000,5.00000,68.00000,275.00000,258.00000,182.00000,88.00000,36.00000,43.00000,20.00000,20.45950,21.89225,24.04075,26.33650,27.67400,26.70200,26.29150,26.15900,25.42725,22.93300,20.63975
"1",-106.644,24.17464,"225","144",31.00000,13.00000,9.00000,4.00000,5.00000,77.00000,267.00000,249.00000,176.00000,85.00000,34.00000,44.00000,19.97850,20.54875,21.97850,24.18075,26.53975,27.94325,26.99250,26.44750,26.29400,25.54175,22.96450,20.61250
"1",-106.805,24.32554,"375","144",28.00000,12.00000,8.00000,3.00000,4.00000,68.00000,245.00000,242.00000,173.00000,82.00000,34.00000,40.00000,20.25950,20.71150,21.99575,24.03650,26.43100,28.34900,27.61800,27.02375,26.85350,26.05675,23.31650,20.97575
"1",-106.371,24.41161,"1862","115",46.00000,24.00000,14.00000,6.00000,14.00000,105.00000,289.00000,242.00000,182.00000,96.00000,39.00000,68.00000,16.10825,16.37725,17.81375,20.13500,22.38200,23.19000,22.18475,21.99125,21.87275,20.86175,18.69800,16.59700
"0",-98.9792,24.4375,"372","139",22.00000,19.00000,23.00000,45.00000,94.00000,95.00000,67.00000,92.00000,142.00000,66.00000,21.00000,23.00000,15.44650,17.68850,21.37200,24.78550,27.25100,28.63450,28.80050,28.76950,26.76875,23.51125,19.87550,16.44925
"0",-104.829,24.4625,"2499","163",18.00000,5.00000,2.00000,4.00000,13.00000,72.00000,139.00000,130.00000,110.00000,35.00000,13.00000,16.00000,10.46250,11.82550,14.34275,17.09175,19.92950,21.46525,20.15775,19.60125,18.56800,16.14950,13.26550,11.04575
"1",-106.318,24.47802,"1996","121",60.00000,32.00000,16.00000,8.00000,23.00000,122.00000,292.00000,254.00000,188.00000,89.00000,40.00000,82.00000,11.08050,11.23650,12.64700,14.88225,17.05050,18.44700,17.80375,17.87900,17.66550,16.13875,13.69450,11.61375
"1",-106.213,24.48125,"2357","119",60.00000,32.00000,16.00000,8.00000,23.00000,122.00000,292.00000,254.00000,188.00000,89.00000,40.00000,82.00000,11.08050,11.23650,12.64700,14.88225,17.05050,18.44700,17.80375,17.87900,17.66550,16.13875,13.69450,11.61375
"1",-106.222,24.49278,"2511","119",60.00000,32.00000,16.00000,8.00000,23.00000,122.00000,292.00000,254.00000,188.00000,89.00000,40.00000,82.00000,11.08050,11.23650,12.64700,14.88225,17.05050,18.44700,17.80375,17.87900,17.66550,16.13875,13.69450,11.61375
"1",-106.389,24.52034,"1107","132",41.00000,21.00000,11.00000,6.00000,11.00000,94.00000,266.00000,227.00000,163.00000,84.00000,35.00000,58.00000,18.11375,18.77850,20.57100,23.15275,25.56050,26.40200,24.99700,24.67175,24.55025,23.66000,21.07825,18.65225
"0",-100.621,24.52083,"1886","172",20.00000,12.00000,11.00000,27.00000,42.00000,45.00000,47.00000,46.00000,46.00000,28.00000,13.00000,16.00000,10.44925,11.92500,13.93625,16.41700,18.35300,18.82025,18.58400,18.27825,17.37075,15.64175,13.20425,11.13075
"0",-100.738,24.52083,"1778","174",20.00000,12.00000,9.00000,26.00000,41.00000,52.00000,47.00000,50.00000,51.00000,32.00000,14.00000,15.00000,10.84775,12.51725,14.81375,17.26000,19.21475,19.82900,19.58125,19.21150,18.28200,16.48225,13.70475,11.52575
"1",-106.595,24.52618,"595","145",39.00000,20.00000,11.00000,6.00000,9.00000,92.00000,272.00000,234.00000,169.00000,86.00000,36.00000,56.00000,18.71425,19.20700,20.81550,23.23150,25.67850,26.77825,25.56275,25.14575,25.01200,24.05275,21.54950,19.31000
"1",-106.523,24.54602,"1194","133",39.00000,20.00000,11.00000,6.00000,9.00000,92.00000,272.00000,234.00000,169.00000,86.00000,36.00000,56.00000,18.71425,19.20700,20.81550,23.23150,25.67850,26.77825,25.56275,25.14575,25.01200,24.05275,21.54950,19.31000
"1",-107.026,24.55784,"193","153",25.00000,11.00000,4.00000,4.00000,2.00000,46.00000,210.00000,220.00000,155.00000,69.00000,33.00000,30.00000,20.16275,20.81500,22.03575,24.10675,26.69475,29.54375,29.01450,28.25900,28.04800,26.97100,23.62900,21.05975
"1",-107.455,24.57665,"8","149",19.00000,7.00000,2.00000,3.00000,2.00000,23.00000,121.00000,156.00000,138.00000,67.00000,25.00000,19.00000,18.74125,19.24300,20.51800,22.59200,25.35975,29.23350,29.92300,29.38000,29.31750,28.00825,23.69400,20.29950
"1",-107.611,24.61069,"4","150",19.00000,7.00000,2.00000,2.00000,3.00000,15.00000,95.00000,135.00000,136.00000,68.00000,19.00000,17.00000,18.60923,19.13061,20.36939,22.35752,25.03140,28.96280,29.84908,29.44380,29.31610,27.83773,23.39657,20.06860
"1",-106.366,24.61983,"780","145",41.00000,21.00000,11.00000,6.00000,11.00000,94.00000,266.00000,227.00000,163.00000,84.00000,35.00000,58.00000,18.11375,18.77850,20.57100,23.15275,25.56050,26.40200,24.99700,24.67175,24.55025,23.66000,21.07825,18.65225
"1",-106.542,24.64325,"1102","135",39.00000,20.00000,11.00000,6.00000,9.00000,92.00000,272.00000,234.00000,169.00000,86.00000,36.00000,56.00000,18.71425,19.20700,20.81550,23.23150,25.67850,26.77825,25.56275,25.14575,25.01200,24.05275,21.54950,19.31000
"1",-106.698,24.65349,"236","154",30.00000,14.00000,6.00000,4.00000,5.00000,73.00000,254.00000,237.00000,161.00000,74.00000,33.00000,42.00000,19.91850,20.58325,22.13475,24.45900,26.95950,28.95425,28.02975,27.50950,27.33250,26.26850,23.22475,20.79950
"1",-107.771,24.69802,"7","151",20.00000,8.00000,2.00000,2.00000,4.00000,9.00000,86.00000,128.00000,137.00000,75.00000,14.00000,17.00000,18.23325,18.77625,20.08275,22.10425,24.80850,28.86850,29.73425,29.50625,29.30100,27.73650,23.13000,19.74150
"1",-107.153,24.70009,"230","156",26.00000,12.00000,4.00000,4.00000,3.00000,50.00000,231.00000,233.00000,160.00000,70.00000,34.00000,31.00000,19.70150,20.55575,21.94650,24.18250,26.84725,29.65450,28.95025,28.30775,28.09200,26.76900,23.23325,20.61900
"1",-107.658,24.75463,"13","153",21.00000,8.00000,2.00000,2.00000,3.00000,15.00000,110.00000,150.00000,139.00000,69.00000,18.00000,19.00000,18.32275,18.87400,20.18875,22.25950,25.07375,29.19325,29.80950,29.47325,29.41575,27.97275,23.38300,19.95100
"1",-106.624,24.76362,"1098","133",45.00000,24.00000,12.00000,6.00000,11.00000,97.00000,268.00000,230.00000,166.00000,85.00000,37.00000,61.00000,18.07750,18.60800,20.14700,22.60025,24.97025,26.22700,25.11175,24.73625,24.63625,23.61625,21.00350,18.80225
"0",-97.7292,24.77917,"4","115",27.00000,17.00000,15.00000,34.00000,54.00000,91.00000,96.00000,95.00000,137.00000,73.00000,27.00000,26.00000,15.79926,17.80149,21.20223,24.25651,27.00000,28.81450,28.99926,29.22639,27.64275,24.52974,20.65688,17.11301
"0",-101.988,24.8875,"1530","171",15.00000,8.00000,5.00000,12.00000,25.00000,54.00000,64.00000,58.00000,60.00000,29.00000,14.00000,16.00000,13.06650,14.46325,17.35100,20.15400,22.56775,23.35375,22.91225,22.42225,21.10225,19.19000,16.14625,13.56375
"0",-100.313,24.8875,"2270","149",28.00000,18.00000,20.00000,34.00000,60.00000,74.00000,79.00000,84.00000,91.00000,48.00000,20.00000,24.00000,9.21350,10.19600,11.79700,13.97825,15.38400,15.92500,15.65525,15.28050,14.57625,13.11000,11.44125,9.67000
"0",-99.8125,24.89583,"681","141",27.00000,20.00000,27.00000,49.00000,88.00000,104.00000,72.00000,111.00000,174.00000,81.00000,25.00000,22.00000,13.91675,16.07825,19.78125,23.02375,25.45300,27.06725,27.39350,27.42775,25.26325,21.82175,18.03600,14.61325
"1",-106.982,24.93358,"255","164",36.00000,19.00000,8.00000,6.00000,6.00000,75.00000,252.00000,228.00000,159.00000,75.00000,39.00000,46.00000,19.24850,20.00150,21.54025,23.91000,26.52125,28.81400,27.73850,27.16125,26.98000,25.65300,22.42050,20.03150
"1",-107.317,24.93661,"114","161",26.00000,13.00000,4.00000,4.00000,2.00000,51.00000,224.00000,234.00000,159.00000,64.00000,33.00000,31.00000,19.45300,20.36050,21.80500,24.08175,26.82475,29.98275,29.25675,28.60350,28.28725,26.74575,22.98850,20.34150
"0",-101.146,25.02083,"2017","175",35.00000,15.00000,11.00000,22.00000,43.00000,63.00000,79.00000,74.00000,64.00000,36.00000,17.00000,20.00000,10.41125,11.95050,14.16300,16.98625,19.26075,20.14625,19.59450,19.27625,18.11875,16.29400,13.48075,11.14825
"1",-106.693,25.05416,"688","152",52.00000,31.00000,14.00000,8.00000,10.00000,92.00000,243.00000,201.00000,149.00000,80.00000,42.00000,64.00000,17.54000,18.31850,19.99600,22.58400,25.10275,26.74300,25.55575,25.13475,24.96975,23.65550,20.68400,18.36825
"1",-106.781,25.10686,"788","151",52.00000,31.00000,14.00000,8.00000,10.00000,92.00000,243.00000,201.00000,149.00000,80.00000,42.00000,64.00000,17.54000,18.31850,19.99600,22.58400,25.10275,26.74300,25.55575,25.13475,24.96975,23.65550,20.68400,18.36825
"1",-107.617,25.10945,"90","160",27.00000,15.00000,4.00000,4.00000,2.00000,38.00000,200.00000,226.00000,161.00000,67.00000,28.00000,30.00000,19.21450,19.99275,21.44600,23.66225,26.33250,29.87075,29.54475,28.82650,28.52875,26.99425,23.03100,20.15700
"0",-107.121,25.12917,"704","156",45.00000,28.00000,13.00000,7.00000,6.00000,85.00000,260.00000,224.00000,163.00000,82.00000,40.00000,54.00000,18.33375,18.97250,20.37325,22.79900,25.36425,27.59750,26.59600,26.08875,25.92000,24.58025,21.46000,19.20850
"0",-105.638,25.15417,"2448","158",28.00000,13.00000,7.00000,8.00000,16.00000,83.00000,160.00000,155.00000,113.00000,44.00000,20.00000,32.00000,7.72000,8.48625,10.33600,12.72100,15.34775,17.50925,17.09850,16.61900,15.71600,13.37075,10.43750,8.32500
"1",-107.34,25.17352,"224","163",30.00000,17.00000,5.00000,5.00000,3.00000,62.00000,256.00000,253.00000,169.00000,66.00000,34.00000,35.00000,19.36875,20.29750,21.87600,24.32825,27.08100,30.38450,29.51600,28.75925,28.49775,26.89950,23.01100,20.39575
"1",-107.269,25.17748,"550","162",38.00000,25.00000,11.00000,6.00000,5.00000,84.00000,267.00000,237.00000,164.00000,72.00000,37.00000,47.00000,18.59675,19.43400,21.03100,23.53475,26.20875,28.87750,27.80925,27.15775,26.99450,25.54650,22.04200,19.54075
"1",-106.912,25.17981,"1306","147",58.00000,37.00000,18.00000,9.00000,10.00000,95.00000,253.00000,205.00000,152.00000,84.00000,44.00000,67.00000,17.11025,17.78500,19.42225,22.03275,24.54700,26.32025,25.11000,24.71175,24.62425,23.35225,20.34125,18.02850
"0",-97.6958,25.1875,"2","113",22.00000,13.00000,12.00000,28.00000,45.00000,115.00000,131.00000,135.00000,133.00000,53.00000,19.00000,19.00000,15.20000,17.38062,20.91557,24.18858,26.79862,28.68997,29.11765,29.30208,27.65606,24.35882,20.26609,16.71280
"1",-107.624,25.21885,"160","160",30.00000,19.00000,5.00000,4.00000,3.00000,47.00000,237.00000,244.00000,170.00000,66.00000,32.00000,35.00000,18.96025,19.85350,21.33075,23.68075,26.40675,29.82275,29.20300,28.37800,28.06350,26.44650,22.58400,19.91700
"0",-106.438,25.25417,"1730","137",64.00000,33.00000,19.00000,11.00000,19.00000,109.00000,250.00000,224.00000,162.00000,77.00000,40.00000,74.00000,10.54600,11.07175,12.85475,15.43250,17.74225,19.53325,18.65125,18.63800,18.32825,16.39025,13.51050,11.25625
"1",-107.555,25.33087,"234","162",30.00000,19.00000,5.00000,4.00000,3.00000,47.00000,237.00000,244.00000,170.00000,66.00000,32.00000,35.00000,18.96025,19.85350,21.33075,23.68075,26.40675,29.82275,29.20300,28.37800,28.06350,26.44650,22.58400,19.91700
"1",-107.507,25.33088,"221","162",30.00000,19.00000,5.00000,4.00000,3.00000,47.00000,237.00000,244.00000,170.00000,66.00000,32.00000,35.00000,18.96025,19.85350,21.33075,23.68075,26.40675,29.82275,29.20300,28.37800,28.06350,26.44650,22.58400,19.91700
"0",-107.254,25.34583,"679","163",43.00000,31.00000,15.00000,7.00000,5.00000,86.00000,264.00000,223.00000,153.00000,72.00000,37.00000,52.00000,18.00400,18.82600,20.44450,23.02950,25.67175,28.24600,27.16275,26.61350,26.43775,24.94750,21.42200,18.99225
"0",-111.238,25.35417,"532","150",19.00000,9.00000,5.00000,1.00000,1.00000,1.00000,24.00000,77.00000,92.00000,16.00000,8.00000,22.00000,15.76075,16.53250,17.99775,20.42100,22.21650,25.87050,28.31600,27.86900,26.53800,23.03675,19.16250,16.39950
"1",-107.456,25.39468,"480","163",39.00000,28.00000,12.00000,5.00000,3.00000,73.00000,267.00000,236.00000,163.00000,70.00000,34.00000,47.00000,18.31800,19.14900,20.67075,23.18850,25.89350,28.85425,27.87775,27.18725,26.93825,25.40575,21.78650,19.33700
"1",-107.773,25.40186,"240","161",27.00000,20.00000,5.00000,3.00000,3.00000,37.00000,214.00000,235.00000,157.00000,55.00000,29.00000,34.00000,18.73775,19.65250,21.11775,23.45300,26.23875,29.63975,29.15000,28.42050,28.05700,26.44200,22.39100,19.69475
"0",-100.088,25.44583,"404","130",27.00000,23.00000,27.00000,47.00000,77.00000,113.00000,83.00000,128.00000,222.00000,95.00000,30.00000,21.00000,13.52650,15.74700,19.28400,22.53925,24.98500,26.64350,27.13000,27.10325,24.99450,21.44600,17.69425,14.32750
"1",-107.225,25.46405,"1118","159",43.00000,31.00000,15.00000,7.00000,5.00000,86.00000,264.00000,223.00000,153.00000,72.00000,37.00000,52.00000,18.00400,18.82600,20.44450,23.02950,25.67175,28.24600,27.16275,26.61350,26.43775,24.94750,21.42200,18.99225
"1",-107.177,25.53057,"708","156",54.00000,40.00000,25.00000,8.00000,7.00000,86.00000,261.00000,201.00000,140.00000,83.00000,38.00000,61.00000,16.33800,17.19200,18.87750,21.58475,24.24900,26.62725,25.38225,24.96575,24.78150,23.19175,19.70850,17.29250
"0",-108.446,25.57917,"18","167",19.00000,11.00000,5.00000,1.00000,3.00000,13.00000,113.00000,151.00000,120.00000,48.00000,22.00000,27.00000,17.93250,18.74200,20.20450,22.60475,25.36650,29.49025,30.44650,30.02200,29.91325,28.01325,22.92225,19.24800
"1",-107.427,25.61586,"1408","156",53.00000,40.00000,25.00000,7.00000,7.00000,81.00000,266.00000,209.00000,148.00000,88.00000,38.00000,60.00000,16.55125,17.16350,18.61800,21.17675,23.81150,26.32775,25.35750,24.87600,24.68800,23.10800,19.77150,17.52525
"0",-101.404,25.6375,"1129","143",14.00000,10.00000,5.00000,14.00000,22.00000,35.00000,43.00000,48.00000,44.00000,20.00000,8.00000,16.00000,12.51925,14.38700,17.95250,21.10150,24.21675,25.20500,25.03250,24.78475,23.02050,20.21800,16.62425,13.47225
"1",-107.649,25.70611,"762","159",58.00000,40.00000,25.00000,7.00000,11.00000,92.00000,271.00000,230.00000,170.00000,94.00000,41.00000,66.00000,15.02350,15.52750,16.93175,19.45225,22.06400,24.78425,24.12225,23.70425,23.44925,21.62225,18.22500,16.00650
"0",-105.338,25.74583,"1768","188",12.00000,6.00000,5.00000,5.00000,12.00000,69.00000,124.00000,121.00000,102.00000,30.00000,11.00000,11.00000,10.13725,12.31500,14.53000,17.31500,20.27475,21.74275,20.69975,20.19300,19.03400,16.71100,13.66425,10.65250
"1",-107.161,25.7688,"1089","154",64.00000,39.00000,24.00000,12.00000,15.00000,99.00000,249.00000,205.00000,154.00000,81.00000,42.00000,66.00000,12.72875,13.29000,14.93125,17.43800,19.98500,22.22450,21.37175,21.20400,21.00050,19.10875,15.91075,13.64600
"0",-107.696,25.80417,"771","163",37.00000,24.00000,11.00000,4.00000,6.00000,58.00000,235.00000,231.00000,159.00000,58.00000,30.00000,42.00000,17.66475,18.67575,20.27725,22.91050,25.73625,28.98400,28.06000,27.38275,27.04275,25.27100,21.26225,18.64425
"0",-102.721,25.8625,"1087","155",10.00000,5.00000,4.00000,4.00000,18.00000,29.00000,26.00000,31.00000,33.00000,15.00000,6.00000,9.00000,13.03475,15.18775,18.56500,22.26300,25.72325,27.40100,27.08325,26.59900,24.84175,21.58275,17.30900,13.60550
"0",-101.271,25.87083,"973","140",15.00000,12.00000,6.00000,17.00000,21.00000,28.00000,34.00000,39.00000,40.00000,23.00000,10.00000,17.00000,12.73025,14.79175,18.38800,21.62450,24.62750,25.61550,25.57600,25.44625,23.42750,20.59225,17.12675,13.73125
"0",-101.671,25.87917,"1605","145",14.00000,7.00000,4.00000,11.00000,22.00000,37.00000,48.00000,49.00000,42.00000,23.00000,9.00000,15.00000,12.13925,13.90000,17.18875,20.43575,23.46875,24.41375,23.99800,23.66050,22.05900,19.59350,16.11575,12.95900
"0",-108.521,25.89583,"77","173",19.00000,11.00000,5.00000,1.00000,1.00000,9.00000,126.00000,157.00000,116.00000,33.00000,20.00000,29.00000,18.79325,19.84800,21.29225,23.86750,26.69000,30.65350,30.71575,29.90525,29.47900,27.56100,22.85450,19.59050
"0",-109.188,25.92083,"9","165",17.00000,8.00000,2.00000,1.00000,1.00000,4.00000,53.00000,99.00000,85.00000,33.00000,22.00000,22.00000,18.33775,19.32700,20.92825,23.07675,25.67775,29.42625,30.95575,30.70150,30.16850,27.66825,22.57950,19.05350
"0",-105.004,25.97083,"2036","190",10.00000,6.00000,4.00000,6.00000,18.00000,76.00000,112.00000,116.00000,107.00000,34.00000,9.00000,8.00000,9.45875,11.84275,14.17875,17.21525,20.29025,21.63675,20.55125,19.92950,18.54800,16.34350,13.14550,9.91175
"0",-98.0625,26.0125,"26","114",38.00000,33.00000,15.00000,34.00000,74.00000,71.00000,53.00000,61.00000,110.00000,57.00000,29.00000,29.00000,14.52425,16.78425,20.76800,23.77850,26.28725,28.33550,29.15200,29.48200,27.64650,23.98900,19.75000,16.16125
"0",-102.446,26.0125,"1329","150",11.00000,5.00000,4.00000,5.00000,19.00000,32.00000,33.00000,42.00000,36.00000,19.00000,7.00000,11.00000,12.39075,14.41225,17.71100,21.35125,24.53100,25.80550,25.26975,24.82950,23.15050,20.31475,16.47175,13.00175
"1",-107.737,26.04373,"1208","164",48.00000,33.00000,20.00000,6.00000,10.00000,80.00000,257.00000,236.00000,152.00000,70.00000,38.00000,54.00000,16.61575,17.54525,19.21325,22.05450,24.93300,27.98050,26.85100,26.26650,25.96950,24.08600,20.17450,17.56325
"1",-107.817,26.09258,"371","170",48.00000,33.00000,20.00000,6.00000,10.00000,80.00000,257.00000,236.00000,152.00000,70.00000,38.00000,54.00000,16.61575,17.54525,19.21325,22.05450,24.93300,27.98050,26.85100,26.26650,25.96950,24.08600,20.17450,17.56325
"0",-105.013,26.09583,"1860","189",10.00000,6.00000,4.00000,6.00000,18.00000,74.00000,114.00000,121.00000,111.00000,35.00000,9.00000,8.00000,8.19725,10.59100,12.77975,15.98200,19.14925,20.59100,19.63650,18.99450,17.34875,15.14700,12.00875,8.88975
"1",-107.374,26.10728,"1939","163",57.00000,41.00000,25.00000,8.00000,14.00000,100.00000,266.00000,221.00000,154.00000,79.00000,40.00000,65.00000,14.78425,15.64650,17.40250,20.21850,22.98475,25.57350,24.33750,23.93100,23.62525,21.69425,18.08775,15.73475
"0",-99.1375,26.17917,"96","127",21.00000,22.00000,15.00000,36.00000,60.00000,63.00000,44.00000,54.00000,99.00000,54.00000,21.00000,20.00000,13.97500,16.40125,20.85475,24.48850,27.56850,29.73200,30.49975,30.48725,28.07750,23.94300,19.21300,15.17175
"0",-106.504,26.17917,"2621","174",34.00000,10.00000,8.00000,10.00000,15.00000,73.00000,195.00000,202.00000,161.00000,59.00000,28.00000,40.00000,5.72750,6.37450,8.19350,10.89700,13.50625,16.03725,15.90725,15.64975,14.89950,11.99650,8.66425,6.49200
"0",-98.7958,26.2125,"85","126",27.00000,24.00000,16.00000,34.00000,65.00000,70.00000,39.00000,56.00000,102.00000,57.00000,24.00000,24.00000,14.08700,16.79950,20.90525,24.19625,26.98400,29.25225,30.12275,30.20350,28.00825,24.02525,19.51300,15.57500
"0",-99.4875,26.2125,"161","126",22.00000,25.00000,19.00000,38.00000,65.00000,56.00000,57.00000,53.00000,97.00000,52.00000,23.00000,21.00000,13.84875,16.29825,20.64875,24.20375,27.41400,29.58700,30.41225,30.32275,27.85800,23.62075,18.91700,14.70550
"1",-107.627,26.24794,"1490","168",56.00000,40.00000,25.00000,8.00000,14.00000,100.00000,268.00000,232.00000,158.00000,74.00000,40.00000,66.00000,14.31500,15.05425,16.77150,19.63450,22.41300,25.23775,24.13900,23.70325,23.39500,21.25225,17.58975,15.22025
"1",-107.417,26.30499,"1297","167",56.00000,41.00000,24.00000,9.00000,15.00000,105.00000,267.00000,225.00000,156.00000,74.00000,39.00000,67.00000,13.38800,14.22875,16.13300,19.00775,21.79925,24.53550,23.47425,23.08825,22.72825,20.44575,16.68750,14.27950
"0",-111.554,26.34583,"105","143",16.00000,7.00000,2.00000,1.00000,0.00000,0.00000,16.00000,48.00000,57.00000,13.00000,8.00000,15.00000,16.55025,17.61925,19.27250,21.65500,24.47675,28.34200,30.92600,30.96700,29.49850,25.87025,21.19150,17.38550
"1",-107.636,26.35541,"2146","168",56.00000,42.00000,25.00000,9.00000,15.00000,105.00000,270.00000,234.00000,161.00000,70.00000,40.00000,69.00000,13.06900,13.74725,15.52200,18.44575,21.22075,24.06650,23.12375,22.74950,22.42050,20.01050,16.31450,13.94975
"1",-108.054,26.40239,"861","170",46.00000,30.00000,19.00000,5.00000,10.00000,72.00000,241.00000,225.00000,143.00000,62.00000,34.00000,55.00000,16.62300,17.59550,19.17750,22.10425,25.12000,28.30525,26.91250,26.31025,25.96950,23.89800,20.01600,17.38025
"0",-102.288,26.47083,"1468","146",14.00000,5.00000,5.00000,7.00000,22.00000,36.00000,43.00000,47.00000,40.00000,22.00000,8.00000,13.00000,11.56775,13.43525,16.58975,20.22450,23.39675,24.69100,24.20425,23.71550,22.14050,19.24925,15.63400,12.19875
"0",-101.696,26.57083,"1937","145",15.00000,6.00000,5.00000,11.00000,25.00000,37.00000,47.00000,45.00000,47.00000,25.00000,9.00000,16.00000,11.33625,13.28325,16.56975,20.17100,23.33625,24.62050,24.33575,23.88525,22.09225,19.22200,15.55075,12.14475
"0",-104.938,26.57917,"1606","186",11.00000,6.00000,3.00000,7.00000,18.00000,60.00000,89.00000,99.00000,89.00000,32.00000,9.00000,9.00000,9.43625,11.58575,14.70225,18.42400,21.84950,23.98350,23.21625,22.45350,20.46600,17.36150,13.38625,10.30300
"1",-108.214,26.60363,"869","176",40.00000,25.00000,15.00000,4.00000,9.00000,61.00000,220.00000,209.00000,129.00000,51.00000,32.00000,48.00000,17.56550,18.61850,20.14850,23.05600,26.25125,29.73050,28.27400,27.61600,27.22325,25.16875,21.04350,18.20850
"0",-112.221,26.6375,"805","151",21.00000,10.00000,5.00000,1.00000,0.00000,1.00000,28.00000,56.00000,57.00000,12.00000,8.00000,19.00000,14.94725,16.02625,17.54975,19.76950,21.88475,25.27700,28.18075,28.18450,26.94625,23.55000,18.70600,15.56000
"0",-104.621,26.64583,"1439","185",9.00000,5.00000,3.00000,7.00000,16.00000,49.00000,69.00000,79.00000,71.00000,27.00000,7.00000,8.00000,10.27475,12.40250,15.78200,19.64175,23.11425,25.21175,24.56425,23.78225,21.83950,18.53800,14.35050,11.19825
"1",-108.488,26.65987,"171","183",32.00000,18.00000,10.00000,3.00000,6.00000,45.00000,196.00000,195.00000,119.00000,42.00000,30.00000,40.00000,18.06625,19.34750,20.89600,23.69975,26.94275,30.97375,29.74150,29.00725,28.61125,26.43300,21.85725,18.67275
"1",-108.459,26.71003,"310","182",33.00000,19.00000,11.00000,3.00000,7.00000,51.00000,200.00000,197.00000,122.00000,45.00000,29.00000,43.00000,18.41500,19.63850,21.22550,24.10850,27.38225,31.30575,29.93500,29.20025,28.82925,26.60725,22.03200,18.85775
"1",-108.598,26.74314,"429","181",31.00000,17.00000,10.00000,3.00000,6.00000,41.00000,191.00000,193.00000,117.00000,41.00000,27.00000,38.00000,18.47400,19.53250,20.95050,23.74700,26.84375,30.69475,29.65850,28.88350,28.55750,26.36175,22.00125,18.99550
"1",-107.991,26.74788,"1937","172",51.00000,33.00000,23.00000,8.00000,13.00000,86.00000,243.00000,219.00000,139.00000,61.00000,36.00000,61.00000,14.83300,15.84600,17.69400,20.84700,23.93650,26.97425,25.44825,24.94225,24.57775,22.22700,18.30275,15.60425
"0",-100.604,26.7625,"1481","137",20.00000,16.00000,11.00000,26.00000,40.00000,53.00000,48.00000,55.00000,100.00000,38.00000,17.00000,15.00000,12.69575,14.85350,19.10275,23.30525,26.60075,28.64175,29.19075,28.83600,26.10975,22.44800,17.72700,13.80525
"1",-108.744,26.76923,"467","178",29.00000,15.00000,9.00000,2.00000,6.00000,32.00000,179.00000,186.00000,113.00000,38.00000,23.00000,34.00000,18.14300,19.38025,20.88050,23.67725,26.77650,30.68425,29.69275,28.75875,28.43125,26.14075,21.72425,18.57200
"1",-107.814,26.79273,"590","175",47.00000,31.00000,22.00000,8.00000,13.00000,81.00000,225.00000,203.00000,125.00000,55.00000,34.00000,56.00000,15.87675,17.20950,19.31500,22.64875,25.84300,28.74200,26.85125,26.28700,26.01475,23.78350,19.60250,16.66750
"0",-106.829,26.79583,"2469","183",43.00000,18.00000,12.00000,12.00000,15.00000,91.00000,212.00000,199.00000,154.00000,60.00000,27.00000,38.00000,8.23650,9.27300,11.56275,14.70325,17.61075,20.56425,19.93725,19.41475,18.36725,15.40675,11.56600,9.09550
"1",-108.104,26.81119,"706","173",47.00000,31.00000,21.00000,7.00000,11.00000,77.00000,236.00000,216.00000,135.00000,57.00000,34.00000,57.00000,16.21675,17.18400,18.85975,21.92325,25.05525,28.17225,26.54650,25.98425,25.61800,23.40550,19.54000,16.89200
"0",-103.429,26.85417,"1056","152",17.00000,4.00000,5.00000,11.00000,20.00000,38.00000,42.00000,41.00000,31.00000,23.00000,17.00000,13.00000,12.62325,14.85900,18.50200,22.36925,25.78050,27.53250,27.16650,26.60175,25.10275,21.29775,16.70000,12.43400
"0",-105.413,26.8625,"1677","176",10.00000,6.00000,3.00000,7.00000,16.00000,57.00000,105.00000,112.00000,99.00000,30.00000,8.00000,8.00000,9.73000,11.91150,14.89225,18.53700,22.43550,24.70450,23.34475,22.41550,20.54750,17.33625,13.18575,10.44225
"1",-108.435,26.86317,"294","179",36.00000,23.00000,14.00000,5.00000,9.00000,57.00000,210.00000,200.00000,122.00000,47.00000,29.00000,46.00000,17.90850,18.97225,20.56175,23.54600,26.78575,30.37950,28.90275,28.21050,27.84975,25.57675,21.34275,18.42675
"0",-105.113,26.89583,"1467","182",11.00000,6.00000,3.00000,7.00000,17.00000,57.00000,84.00000,93.00000,85.00000,29.00000,8.00000,9.00000,10.26025,12.45300,15.85500,19.67800,23.35900,25.92150,25.04800,24.12075,22.11650,18.60000,14.11325,11.09275
"1",-108.368,26.92052,"291","178",36.00000,23.00000,14.00000,5.00000,9.00000,57.00000,210.00000,200.00000,122.00000,47.00000,29.00000,46.00000,17.90850,18.97225,20.56175,23.54600,26.78575,30.37950,28.90275,28.21050,27.84975,25.57675,21.34275,18.42675
"1",-107.788,26.9439,"1149","175",45.00000,28.00000,21.00000,8.00000,12.00000,74.00000,207.00000,187.00000,114.00000,49.00000,31.00000,51.00000,16.86900,18.25300,20.42275,23.83950,27.18200,29.99800,27.72050,27.13500,26.95950,24.86700,20.65125,17.62025
"1",-108.157,26.95753,"647","175",43.00000,27.00000,18.00000,6.00000,11.00000,68.00000,214.00000,197.00000,120.00000,50.00000,31.00000,51.00000,17.15750,18.38125,20.26500,23.52225,26.85675,30.02925,28.10075,27.54675,27.26775,25.06300,20.83475,17.82425
"0",-101.113,27.05417,"647","148",15.00000,13.00000,8.00000,20.00000,38.00000,55.00000,43.00000,44.00000,72.00000,34.00000,13.00000,15.00000,11.91400,14.29475,18.51800,22.55900,25.99275,27.89900,28.26650,27.77475,25.35800,21.62675,16.77525,12.92675
"0",-112.629,27.05417,"745","157",20.00000,14.00000,6.00000,1.00000,0.00000,1.00000,25.00000,55.00000,53.00000,16.00000,9.00000,21.00000,13.65900,14.78300,16.34250,18.61625,20.89600,24.62625,27.35125,27.30225,25.88925,22.38375,17.19825,14.18725
"0",-102.871,27.12917,"1172","144",20.00000,4.00000,6.00000,12.00000,23.00000,39.00000,44.00000,43.00000,32.00000,24.00000,18.00000,15.00000,12.16975,14.32325,17.73200,21.48300,24.79950,26.38750,26.18050,25.67075,24.25800,20.67900,16.56525,12.34125
"0",-112.338,27.1375,"646","156",17.00000,11.00000,5.00000,1.00000,0.00000,1.00000,23.00000,53.00000,52.00000,14.00000,8.00000,18.00000,14.44650,15.76600,17.57875,20.04725,22.64500,26.51150,28.57850,28.30750,26.93725,23.51625,18.15750,14.86350
"0",-108.329,27.2125,"1491","174",50.00000,31.00000,21.00000,8.00000,11.00000,80.00000,243.00000,220.00000,135.00000,55.00000,32.00000,58.00000,14.34175,15.30500,17.02300,20.21975,23.40325,26.70350,25.37850,24.84950,24.31000,21.45850,17.52725,15.01375
"1",-108.068,27.24943,"1880","176",56.00000,34.00000,25.00000,9.00000,12.00000,95.00000,250.00000,228.00000,144.00000,61.00000,37.00000,66.00000,12.20225,12.99950,14.73725,17.88300,20.95725,24.31450,23.50175,23.09475,22.41900,19.31100,15.38150,12.87975
"1",-108.79,27.26137,"377","181",36.00000,25.00000,14.00000,6.00000,9.00000,50.00000,210.00000,195.00000,116.00000,45.00000,25.00000,44.00000,16.04825,17.17725,18.68250,21.74975,24.93025,28.56600,27.38725,26.56100,26.10000,23.54350,19.43425,16.64750
"0",-99.6042,27.30417,"161","133",24.00000,23.00000,21.00000,44.00000,69.00000,53.00000,31.00000,49.00000,67.00000,51.00000,25.00000,18.00000,12.97675,15.61650,20.15200,24.00325,27.53700,29.96950,30.90175,30.75825,28.31725,23.82225,18.45175,14.29750
"1",-108.197,27.31378,"1491","175",50.00000,31.00000,21.00000,8.00000,11.00000,80.00000,243.00000,220.00000,135.00000,55.00000,32.00000,58.00000,14.34175,15.30500,17.02300,20.21975,23.40325,26.70350,25.37850,24.84950,24.31000,21.45850,17.52725,15.01375
"1",-108.367,27.35431,"1600","174",42.00000,26.00000,18.00000,7.00000,10.00000,62.00000,215.00000,198.00000,123.00000,45.00000,26.00000,47.00000,15.41800,16.79350,18.73600,22.13450,25.46950,28.96025,27.09600,26.39075,25.89050,23.08925,18.81050,15.91025
"0",-108.229,27.4125,"1253","175",50.00000,29.00000,22.00000,8.00000,11.00000,77.00000,233.00000,213.00000,133.00000,52.00000,31.00000,56.00000,14.39675,15.44925,17.28975,20.61450,23.87700,27.20300,25.67500,25.12150,24.56100,21.64125,17.61025,15.00950
"0",-101.179,27.4625,"378","150",14.00000,15.00000,10.00000,24.00000,44.00000,60.00000,40.00000,43.00000,68.00000,37.00000,15.00000,15.00000,12.07675,14.58625,18.93025,22.89975,26.49625,28.70050,29.19075,28.78225,26.25850,21.81900,16.65900,12.70425
"1",-108.838,27.49328,"491","188",29.00000,22.00000,12.00000,5.00000,7.00000,37.00000,195.00000,188.00000,112.00000,43.00000,22.00000,38.00000,17.32050,18.63050,20.26750,23.28650,26.58250,30.64250,29.44375,28.40450,27.97450,25.38025,20.91950,17.83875
"1",-108.328,27.50316,"775","175",55.00000,35.00000,24.00000,11.00000,12.00000,81.00000,236.00000,218.00000,134.00000,56.00000,35.00000,61.00000,12.25225,13.14750,14.81475,18.05825,21.21700,24.60825,23.64200,23.23700,22.50050,19.39575,15.48125,12.98325
"1",-108.684,27.50338,"935","169",43.00000,28.00000,17.00000,8.00000,10.00000,58.00000,220.00000,203.00000,122.00000,46.00000,27.00000,47.00000,14.82675,15.94300,17.53575,20.68625,23.97400,27.69800,26.59975,25.85375,25.23625,22.32650,18.21850,15.51225
"1",-108.321,27.55053,"1532","175",55.00000,35.00000,24.00000,11.00000,12.00000,81.00000,236.00000,218.00000,134.00000,56.00000,35.00000,61.00000,12.25225,13.14750,14.81475,18.05825,21.21700,24.60825,23.64200,23.23700,22.50050,19.39575,15.48125,12.98325
"0",-102.138,27.5625,"1394","139",16.00000,7.00000,7.00000,15.00000,34.00000,47.00000,56.00000,48.00000,60.00000,25.00000,12.00000,16.00000,10.56200,12.55125,15.96225,19.61475,22.67475,24.44725,24.36625,23.91500,22.13025,18.94950,14.79375,11.24900
"0",-99.6625,27.57917,"146","133",21.00000,26.00000,16.00000,42.00000,67.00000,53.00000,30.00000,50.00000,70.00000,54.00000,26.00000,19.00000,12.60125,15.43050,19.85025,23.64875,27.09650,29.64550,30.64500,30.44275,27.80150,23.34125,17.95475,13.85725
"0",-114.263,27.59583,"65","161",10.00000,13.00000,7.00000,1.00000,0.00000,0.00000,1.00000,5.00000,7.00000,7.00000,7.00000,16.00000,15.75675,16.39600,17.16625,18.15850,19.14675,20.88375,23.42100,24.58300,24.43850,22.11975,18.56300,16.22925
"1",-109.028,27.62605,"670","171",36.00000,24.00000,13.00000,6.00000,7.00000,40.00000,205.00000,196.00000,114.00000,43.00000,23.00000,42.00000,15.61250,16.81725,18.31875,21.27750,24.51575,28.64600,27.95700,27.00225,26.44800,23.53400,19.16375,16.25650
"1",-109.226,27.67419,"328","176",34.00000,22.00000,11.00000,5.00000,4.00000,34.00000,198.00000,190.00000,108.00000,41.00000,21.00000,40.00000,15.54825,17.01625,18.62150,21.59900,24.92300,29.42450,28.97950,27.92850,27.31750,24.01850,19.23850,16.11875
"1",-108.668,27.67867,"1337","172",44.00000,28.00000,17.00000,8.00000,10.00000,59.00000,217.00000,201.00000,123.00000,45.00000,26.00000,46.00000,14.70800,15.95825,17.67525,20.92450,24.29275,28.08400,26.90725,26.16200,25.58750,22.56350,18.24650,15.36775
"0",-105.004,27.67917,"1379","166",8.00000,7.00000,3.00000,5.00000,15.00000,46.00000,77.00000,79.00000,74.00000,21.00000,6.00000,8.00000,10.31950,12.67625,16.17575,19.93575,24.09075,26.91100,26.08750,25.02550,23.13525,19.28700,14.19750,11.13475
"0",-102.146,27.6875,"1511","137",16.00000,7.00000,8.00000,15.00000,36.00000,48.00000,57.00000,49.00000,62.00000,26.00000,13.00000,16.00000,10.54100,12.49275,15.87250,19.49225,22.50375,24.36150,24.32100,23.81050,22.10900,18.91575,14.77250,11.27125
"1",-108.479,27.71531,"1688","173",55.00000,37.00000,23.00000,12.00000,12.00000,76.00000,237.00000,218.00000,130.00000,53.00000,34.00000,58.00000,12.05850,13.13800,14.86475,18.18900,21.40450,24.96750,24.09925,23.59675,22.74275,19.43025,15.31350,12.77075
"1",-109.439,27.71872,"539","167",33.00000,21.00000,10.00000,4.00000,3.00000,29.00000,182.00000,182.00000,102.00000,39.00000,19.00000,39.00000,15.57025,16.93200,18.44125,21.31050,24.51525,28.94025,28.74375,27.72425,27.14000,23.99025,19.27500,16.22800
"0",-101.746,27.7375,"883","146",14.00000,9.00000,9.00000,18.00000,44.00000,55.00000,52.00000,52.00000,76.00000,32.00000,13.00000,16.00000,11.62850,13.69000,17.30875,21.04000,24.26100,26.18850,26.18525,25.83200,23.87425,20.33675,15.90075,12.25625
"1",-109.274,27.79226,"424","175",34.00000,22.00000,11.00000,5.00000,4.00000,34.00000,198.00000,190.00000,108.00000,41.00000,21.00000,40.00000,15.54825,17.01625,18.62150,21.59900,24.92300,29.42450,28.97950,27.92850,27.31750,24.01850,19.23850,16.11875
"0",-105.496,27.8125,"1535","161",7.00000,5.00000,3.00000,5.00000,13.00000,38.00000,78.00000,79.00000,74.00000,21.00000,7.00000,7.00000,10.15550,12.65925,16.15775,19.93625,24.19900,27.01800,25.97250,24.78025,22.90000,19.10000,14.03100,10.95975
"0",-113.613,27.8375,"76","169",13.00000,13.00000,7.00000,1.00000,1.00000,0.00000,3.00000,8.00000,12.00000,6.00000,7.00000,19.00000,15.13100,15.96975,17.21950,18.63625,20.33950,22.74125,25.65600,26.91225,26.10325,22.84750,18.55300,15.33825
"1",-109.502,27.90564,"644","168",31.00000,17.00000,8.00000,3.00000,2.00000,24.00000,158.00000,162.00000,89.00000,33.00000,16.00000,36.00000,16.30825,17.75600,19.38525,22.26875,25.47675,29.93500,29.83475,28.82450,28.33925,25.16700,20.14950,16.87825
"1",-108.817,27.95349,"599","177",42.00000,26.00000,16.00000,8.00000,10.00000,59.00000,207.00000,192.00000,122.00000,41.00000,25.00000,42.00000,14.33050,15.79600,17.76775,21.14325,24.58650,28.52750,27.26650,26.50525,25.82675,22.57200,17.96425,14.90325
"1",-108.641,27.95536,"1132","173",53.00000,35.00000,22.00000,12.00000,13.00000,72.00000,223.00000,207.00000,128.00000,46.00000,30.00000,50.00000,12.71200,13.98925,15.81325,19.22750,22.58725,26.28825,25.21150,24.56025,23.73875,20.41475,16.12300,13.35000
"0",-106.488,28.00417,"1794","170",8.00000,6.00000,4.00000,6.00000,11.00000,40.00000,110.00000,123.00000,112.00000,23.00000,10.00000,10.00000,8.98150,10.66750,13.60025,16.87925,20.31250,23.79725,23.19400,21.92750,20.46825,16.87025,12.64400,9.76975
"1",-108.989,28.00642,"2030","164",55.00000,40.00000,22.00000,12.00000,12.00000,75.00000,247.00000,223.00000,125.00000,51.00000,32.00000,52.00000,10.73150,12.09425,13.95950,17.28925,20.56650,24.52400,24.04300,23.32150,22.26625,18.75275,14.33125,11.43600
"1",-109.269,28.01977,"529","171",42.00000,24.00000,13.00000,5.00000,5.00000,42.00000,197.00000,187.00000,103.00000,39.00000,23.00000,46.00000,14.51725,15.99025,17.81025,20.90725,24.34100,28.66225,28.04425,27.07425,26.34275,23.07825,18.30150,15.07975
"0",-110.363,28.07083,"296","141",25.00000,26.00000,8.00000,2.00000,1.00000,12.00000,103.00000,116.00000,81.00000,21.00000,9.00000,18.00000,17.23375,18.46450,20.08525,22.87525,25.92975,29.81725,30.84625,30.21300,29.60275,26.25125,21.31775,17.60500
"0",-105.404,28.0875,"1223","163",9.00000,6.00000,3.00000,7.00000,12.00000,35.00000,71.00000,77.00000,69.00000,23.00000,8.00000,9.00000,10.13825,12.61250,16.05125,19.67975,23.85800,26.97800,26.39175,25.13100,23.20500,19.28575,14.18000,10.90750
"1",-108.668,28.1079,"992","170",52.00000,37.00000,22.00000,12.00000,13.00000,75.00000,229.00000,209.00000,125.00000,47.00000,30.00000,48.00000,12.09300,13.42725,15.31950,18.71300,22.09850,25.97125,25.08625,24.36075,23.41575,20.00350,15.62025,12.73675
"1",-108.912,28.11333,"1439","169",55.00000,40.00000,22.00000,12.00000,12.00000,75.00000,247.00000,223.00000,125.00000,51.00000,32.00000,52.00000,10.73150,12.09425,13.95950,17.28925,20.56650,24.52400,24.04300,23.32150,22.26625,18.75275,14.33125,11.43600
"1",-109.069,28.13312,"1667","162",53.00000,38.00000,21.00000,10.00000,10.00000,66.00000,241.00000,219.00000,121.00000,50.00000,31.00000,53.00000,11.66200,12.86325,14.53675,17.70500,20.94725,24.91900,24.56075,23.75050,22.81525,19.52300,15.25975,12.42175
"1",-108.881,28.15362,"815","169",55.00000,40.00000,22.00000,12.00000,12.00000,75.00000,247.00000,223.00000,125.00000,51.00000,32.00000,52.00000,10.73150,12.09425,13.95950,17.28925,20.56650,24.52400,24.04300,23.32150,22.26625,18.75275,14.33125,11.43600
"1",-109.427,28.20948,"571","178",38.00000,21.00000,11.00000,4.00000,3.00000,35.00000,178.00000,169.00000,88.00000,33.00000,21.00000,42.00000,15.62625,17.11775,18.96850,22.02425,25.50375,29.98625,29.59675,28.58125,27.87625,24.51000,19.50525,16.18125
"0",-102.479,28.24583,"1401","135",15.00000,7.00000,8.00000,14.00000,31.00000,42.00000,57.00000,48.00000,51.00000,24.00000,11.00000,14.00000,9.92800,11.80400,15.09975,18.82350,21.85325,23.90600,23.91150,23.28700,21.86750,18.71275,14.19850,10.71125
"0",-102.154,28.25417,"1279","134",15.00000,7.00000,8.00000,16.00000,35.00000,45.00000,57.00000,48.00000,59.00000,25.00000,12.00000,14.00000,10.26675,12.11550,15.29325,18.85300,21.68700,23.71275,23.74825,23.26025,21.83225,18.74825,14.41350,11.24100
"1",-109.504,28.26683,"306","180",35.00000,19.00000,10.00000,4.00000,3.00000,30.00000,165.00000,158.00000,79.00000,29.00000,17.00000,39.00000,16.26875,17.77350,19.58575,22.59300,26.01625,30.49075,30.32075,29.37550,28.68250,25.25025,20.19575,16.78525
"1",-109.288,28.31021,"510","177",40.00000,23.00000,13.00000,5.00000,5.00000,41.00000,191.00000,177.00000,97.00000,36.00000,23.00000,44.00000,14.80375,16.31200,18.23950,21.38050,24.94700,29.37000,28.71125,27.68625,26.94375,23.56825,18.64675,15.34975
"0",-108.229,28.52083,"1965","178",54.00000,37.00000,19.00000,13.00000,15.00000,75.00000,228.00000,202.00000,106.00000,52.00000,29.00000,51.00000,4.85550,5.92825,7.96050,11.45975,14.80150,18.71500,19.13600,18.47925,16.94825,13.02850,8.62075,5.73075
"0",-104.263,28.54583,"1373","160",6.00000,9.00000,5.00000,8.00000,19.00000,35.00000,71.00000,68.00000,69.00000,22.00000,9.00000,10.00000,9.00600,10.83350,14.58400,19.09325,22.89975,25.55100,25.36050,24.19550,22.08825,18.18450,13.32275,9.69775
"0",-107.046,28.57917,"2216","184",15.00000,7.00000,7.00000,9.00000,16.00000,41.00000,124.00000,122.00000,87.00000,30.00000,11.00000,15.00000,5.76025,7.04925,9.35275,12.59025,16.00375,19.54050,19.40275,18.54425,17.12375,13.56375,9.33400,6.49550
"0",-108.279,28.62083,"2496","174",54.00000,37.00000,19.00000,13.00000,15.00000,75.00000,228.00000,202.00000,106.00000,52.00000,29.00000,51.00000,4.85550,5.92825,7.96050,11.45975,14.80150,18.71500,19.13600,18.47925,16.94825,13.02850,8.62075,5.73075
"0",-102.638,28.72083,"1187","138",13.00000,6.00000,5.00000,14.00000,27.00000,37.00000,49.00000,39.00000,39.00000,23.00000,11.00000,13.00000,10.21675,12.39150,15.89500,19.77500,22.89650,25.35550,25.62275,24.92650,23.51350,20.13200,15.20375,11.69400
"0",-107.538,28.7375,"2132","193",18.00000,12.00000,9.00000,8.00000,10.00000,37.00000,129.00000,127.00000,76.00000,28.00000,15.00000,20.00000,5.95700,7.34225,9.65250,13.02125,16.74825,20.46625,20.44650,19.52050,18.09700,14.21125,9.56650,6.42250
"0",-106.688,28.75417,"2331","177",13.00000,6.00000,6.00000,10.00000,22.00000,45.00000,124.00000,127.00000,100.00000,29.00000,10.00000,12.00000,5.93725,7.26425,9.92225,13.34375,16.83050,20.35175,19.87050,18.92025,17.44375,13.94050,9.52050,6.62425
"0",-107.538,28.8125,"2151","190",18.00000,12.00000,9.00000,8.00000,10.00000,37.00000,129.00000,127.00000,76.00000,28.00000,15.00000,20.00000,5.95700,7.34225,9.65250,13.02125,16.74825,20.46625,20.44650,19.52050,18.09700,14.21125,9.56650,6.42250
"0",-113.904,28.87083,"271","167",15.00000,18.00000,12.00000,2.00000,1.00000,0.00000,5.00000,4.00000,11.00000,10.00000,9.00000,23.00000,14.33725,15.08700,15.86475,17.15425,18.44025,20.96850,24.80725,25.80200,24.63300,21.30075,17.70450,15.00725
"0",-101.246,28.87917,"483","133",11.00000,17.00000,16.00000,34.00000,47.00000,60.00000,42.00000,46.00000,92.00000,54.00000,18.00000,11.00000,11.40450,13.82750,17.82425,21.65925,25.09875,28.00775,28.71700,28.82200,26.27025,21.70400,16.09975,12.05550
"0",-109.563,28.92083,"627","166",39.00000,32.00000,17.00000,8.00000,6.00000,40.00000,187.00000,158.00000,75.00000,33.00000,27.00000,47.00000,13.65725,15.00275,16.86600,20.05675,23.99725,28.31100,28.27850,27.30925,26.50500,22.96550,17.97500,14.49975
"0",-101.404,28.99583,"750","133",10.00000,13.00000,11.00000,25.00000,39.00000,48.00000,43.00000,44.00000,78.00000,40.00000,14.00000,11.00000,11.44250,13.67325,17.44375,21.19375,24.40600,27.08875,27.51675,27.55625,25.48475,21.42475,15.98925,12.29650
"0",-108.554,29.0625,"1936","175",47.00000,35.00000,19.00000,11.00000,10.00000,56.00000,193.00000,161.00000,84.00000,48.00000,27.00000,44.00000,8.48675,9.80750,11.97525,15.53700,19.30525,23.46700,23.18450,22.14625,20.95650,17.25000,12.50500,9.20150
"0",-107.946,29.1125,"2156","185",30.00000,22.00000,14.00000,9.00000,11.00000,41.00000,147.00000,136.00000,80.00000,33.00000,20.00000,31.00000,5.11525,6.52100,8.77275,12.37900,16.04650,20.01675,20.19450,19.33275,17.72425,13.60200,8.81875,5.75875
"0",-105.504,29.1375,"1325","160",6.00000,5.00000,3.00000,6.00000,11.00000,34.00000,62.00000,72.00000,70.00000,23.00000,8.00000,8.00000,8.26575,10.58275,14.45675,19.09900,22.92550,26.44075,26.71700,25.52975,23.27575,18.23950,12.78025,9.14625
"0",-106.796,29.44583,"2248","176",11.00000,9.00000,5.00000,8.00000,14.00000,50.00000,115.00000,119.00000,84.00000,39.00000,10.00000,10.00000,5.15325,6.32150,9.18475,12.99525,16.77975,20.73400,20.54550,19.35025,17.48150,13.67925,8.73500,5.84450
"0",-111.821,29.47083,"198","164",17.00000,10.00000,5.00000,1.00000,1.00000,1.00000,37.00000,48.00000,31.00000,9.00000,7.00000,20.00000,13.84975,15.12300,16.99750,19.85525,23.44150,27.58125,30.59925,30.26075,28.56300,23.57450,18.29125,14.10750
"0",-111.904,29.52917,"213","166",17.00000,10.00000,5.00000,1.00000,1.00000,1.00000,34.00000,44.00000,31.00000,10.00000,7.00000,21.00000,13.01400,14.44550,16.41025,19.28075,22.91900,27.05150,30.26950,29.88725,28.09575,22.85075,17.45850,13.15875
"0",-108.113,29.85417,"2071","176",23.00000,13.00000,7.00000,8.00000,10.00000,30.00000,106.00000,91.00000,63.00000,28.00000,18.00000,24.00000,5.07200,6.39750,8.73100,12.46200,16.13675,20.45800,20.78350,19.79550,18.12250,14.31200,9.32500,6.10975
"0",-111.721,29.89583,"788","164",23.00000,19.00000,13.00000,4.00000,2.00000,5.00000,72.00000,76.00000,41.00000,16.00000,13.00000,28.00000,11.31550,12.67650,14.48100,17.30000,21.11700,25.31325,28.00950,27.29975,25.36000,20.43575,15.34375,11.59050
"0",-115.104,29.89583,"615","174",19.00000,22.00000,15.00000,4.00000,1.00000,0.00000,3.00000,9.00000,16.00000,10.00000,13.00000,24.00000,11.99800,13.04700,14.06575,15.45575,17.91800,21.32475,25.02275,25.99950,23.79150,19.60675,15.51450,12.58625
"0",-110.146,30.0375,"992","168",41.00000,29.00000,19.00000,10.00000,4.00000,27.00000,166.00000,129.00000,60.00000,37.00000,24.00000,45.00000,11.00650,12.22225,14.12525,17.40100,21.28625,25.90500,26.47700,25.43375,24.17700,20.14825,14.94175,11.38725
"0",-105.221,30.07917,"1335","162",9.00000,7.00000,4.00000,6.00000,14.00000,41.00000,57.00000,70.00000,71.00000,30.00000,11.00000,10.00000,7.29975,8.88725,12.43200,16.91375,21.51825,25.53000,25.87125,24.86800,22.41175,17.32325,11.61000,7.67000
"0",-112.438,30.17917,"576","168",17.00000,14.00000,11.00000,3.00000,1.00000,2.00000,35.00000,44.00000,24.00000,16.00000,11.00000,23.00000,12.33150,13.91100,15.95575,19.00250,22.82275,27.27725,30.31300,29.83600,27.64800,22.41600,16.71400,12.52575
"0",-112.713,30.2875,"162","171",14.00000,11.00000,9.00000,2.00000,1.00000,1.00000,18.00000,24.00000,16.00000,15.00000,9.00000,19.00000,13.37179,14.86583,16.68307,19.57555,22.95298,27.05862,30.68966,30.79248,28.67555,23.35611,17.86708,13.79091
"0",-108.579,30.4125,"2290","172",39.00000,23.00000,14.00000,11.00000,7.00000,27.00000,113.00000,95.00000,59.00000,43.00000,27.00000,36.00000,5.02400,6.24750,8.55925,12.02400,15.89400,20.62250,21.13650,20.09925,18.30200,14.30500,9.38250,6.02800
"0",-114.746,30.5125,"309","171",6.00000,8.00000,4.00000,1.00000,1.00000,0.00000,3.00000,12.00000,12.00000,9.00000,6.00000,12.00000,14.24595,15.27351,17.26378,19.52595,22.98946,26.62351,29.79622,30.00135,27.93513,23.39919,18.15297,14.83730
"0",-108.963,30.7875,"1442","182",37.00000,25.00000,22.00000,11.00000,5.00000,22.00000,109.00000,91.00000,52.00000,38.00000,27.00000,37.00000,7.10275,8.44600,10.91250,14.34250,18.57875,23.41550,24.06225,22.99575,21.04275,16.56450,11.21650,7.64050
"0",-110.304,31.14583,"1439","167",40.00000,28.00000,25.00000,11.00000,6.00000,18.00000,131.00000,106.00000,52.00000,35.00000,24.00000,47.00000,7.86150,9.68650,11.93700,15.39925,19.61025,24.55650,25.38400,24.23850,22.31100,17.26675,11.75475,8.09475
"0",-115.238,31.32917,"578","167",18.00000,15.00000,14.00000,3.00000,1.00000,1.00000,13.00000,30.00000,19.00000,9.00000,10.00000,17.00000,11.49825,12.75675,15.12025,17.74200,21.49300,25.18325,28.89475,28.75975,25.70875,20.51625,15.16800,11.56075
"0",-115.729,31.54583,"1042","152",38.00000,39.00000,34.00000,11.00000,3.00000,1.00000,26.00000,33.00000,18.00000,11.00000,22.00000,35.00000,8.94700,9.37725,10.61575,12.76025,15.69375,19.82400,22.82675,22.73875,20.30075,16.47375,11.98175,9.32875
"0",-115.304,31.72083,"93","177",15.00000,16.00000,14.00000,5.00000,1.00000,0.00000,3.00000,10.00000,9.00000,9.00000,10.00000,17.00000,13.99100,15.49850,17.35225,19.64575,22.73675,25.67350,28.25175,28.70350,26.90175,22.84050,17.72275,14.18300
"0",-112.513,31.77083,"709","169",19.00000,17.00000,17.00000,5.00000,2.00000,3.00000,34.00000,47.00000,27.00000,26.00000,16.00000,27.00000,11.60225,13.69600,15.98375,19.36300,23.52550,28.50450,31.36625,30.54225,27.85725,21.97300,15.83000,11.55850
"0",-115.113,31.97083,"3","181",7.00000,8.00000,6.00000,2.00000,0.00000,0.00000,2.00000,8.00000,10.00000,9.00000,6.00000,12.00000,14.37275,15.96200,17.82675,20.34450,23.68525,26.99300,29.76500,30.24550,28.46400,23.80450,18.37975,14.64075
"0",-114.346,32.00417,"81","162",8.00000,7.00000,5.00000,2.00000,1.00000,0.00000,5.00000,12.00000,10.00000,11.00000,5.00000,9.00000,13.49800,15.63075,18.10950,21.34700,25.49200,30.13250,32.96575,33.02350,30.44325,24.41800,17.71175,13.40950
"0",-116.288,32.2875,"1214","148",59.00000,49.00000,60.00000,26.00000,8.00000,1.00000,23.00000,23.00000,16.00000,15.00000,36.00000,48.00000,7.39975,7.91600,8.72850,10.62900,13.50475,17.81200,21.81225,21.49525,18.78125,14.58300,10.73800,7.90825
